ID,Path,Component,Lines of code,Duplication percentage,Start line,End line
5699a906-4836-4bf1-9898-eb56c4835d53,src/Components/HomePage/Body/Left/Voorbereiding/ViewPlan/Steps/DuplicateFlightPlan/Step2/Buttons.tsx,HomePage,10,21.276596,24,33
5699a906-4836-4bf1-9898-eb56c4835d53,src/Components/HomePage/Body/Left/Voorbereiding/FlightPlan/Steps/Step3/Buttons.tsx,HomePage,10,10.3092785,43,52
5699a906-4836-4bf1-9898-eb56c4835d53,src/Components/HomePage/Body/Left/Voorbereiding/ViewPlan/Steps/DuplicateFlightPlan/Step2/Buttons.tsx,HomePage,10,21.276596,44,53
5699a906-4836-4bf1-9898-eb56c4835d53,src/Components/HomePage/Body/Left/Voorbereiding/ReuseFlightPlan/Steps/Step2/Buttons.tsx,HomePage,10,16.666666,57,66
5699a906-4836-4bf1-9898-eb56c4835d53,src/Components/HomePage/Body/Left/Voorbereiding/ViewPlan/Steps/Step2/Buttons.tsx,HomePage,10,12.658228,58,67
5699a906-4836-4bf1-9898-eb56c4835d53,src/Components/HomePage/Body/Left/Voorbereiding/FlightPlan/Steps/Step3/Buttons.tsx,HomePage,10,10.3092785,89,98
5699a906-4836-4bf1-9898-eb56c4835d53,src/Components/HomePage/Body/Left/Voorbereiding/FlightPlan/Steps/Step1/TemplateFlights/index.tsx,HomePage,10,18.867924,94,103
cda04093-2339-4dd1-951c-9bff72ba3495,src/Components/HomePage/Body/Left/Nabewerking/VluchtenZoeken/Steps/Step2/Actions/EditFlight/Buttons.tsx,HomePage,9,14.754098,18,26
cda04093-2339-4dd1-951c-9bff72ba3495,src/Components/HomePage/Body/Left/Voorbereiding/ReuseFlightPlan/Steps/Step2/Buttons.tsx,HomePage,9,15,24,32
cda04093-2339-4dd1-951c-9bff72ba3495,src/Components/HomePage/Body/Left/Voorbereiding/ViewPlan/Steps/DuplicateFlightPlan/Step2/Buttons.tsx,HomePage,9,19.148935,25,33
cda04093-2339-4dd1-951c-9bff72ba3495,src/Components/HomePage/Body/Left/Voorbereiding/ViewPlan/Steps/Step2/Buttons.tsx,HomePage,9,11.3924055,29,37
cda04093-2339-4dd1-951c-9bff72ba3495,src/Components/HomePage/Body/Left/Nabewerking/VluchtenZoeken/Steps/Step2/Actions/EditFlight/Buttons.tsx,HomePage,9,14.754098,38,46
cda04093-2339-4dd1-951c-9bff72ba3495,src/Components/HomePage/Body/Left/Voorbereiding/FlightPlan/Steps/Step3/Buttons.tsx,HomePage,9,9.278351,44,52
cda04093-2339-4dd1-951c-9bff72ba3495,src/Components/HomePage/Body/Left/Voorbereiding/ViewPlan/Steps/DuplicateFlightPlan/Step2/Buttons.tsx,HomePage,9,19.148935,45,53
cda04093-2339-4dd1-951c-9bff72ba3495,src/Components/HomePage/Body/Left/Voorbereiding/ReuseFlightPlan/Steps/Step2/Buttons.tsx,HomePage,9,15,58,66
cda04093-2339-4dd1-951c-9bff72ba3495,src/Components/HomePage/Body/Left/Voorbereiding/ViewPlan/Steps/Step2/Buttons.tsx,HomePage,9,11.3924055,59,67
cda04093-2339-4dd1-951c-9bff72ba3495,src/Components/HomePage/Body/Left/Voorbereiding/FlightPlan/Steps/Step3/Buttons.tsx,HomePage,9,9.278351,90,98
cda04093-2339-4dd1-951c-9bff72ba3495,src/Components/HomePage/Body/Left/Voorbereiding/ViewPlan/Steps/DuplicateFlightPlan/Step2/Form.tsx,HomePage,9,19.148935,32,40
cda04093-2339-4dd1-951c-9bff72ba3495,src/Components/HomePage/Body/Left/Voorbereiding/FlightPlan/Steps/Step1/TemplateFlights/index.tsx,HomePage,9,16.981133,95,103
4d70cf49-53d0-40d6-ba80-a16373ac55b8,src/Components/HomePage/Body/Left/Voorbereiding/ViewPlan/Steps/DuplicateFlightPlan/Step2/Buttons.tsx,HomePage,11,23.404255,43,53
4d70cf49-53d0-40d6-ba80-a16373ac55b8,src/Components/HomePage/Body/Left/Voorbereiding/ReuseFlightPlan/Steps/Step2/Buttons.tsx,HomePage,11,18.333334,56,66
4d70cf49-53d0-40d6-ba80-a16373ac55b8,src/Components/HomePage/Body/Left/Voorbereiding/FlightPlan/Steps/Step3/Buttons.tsx,HomePage,11,11.340206,88,98
4d70cf49-53d0-40d6-ba80-a16373ac55b8,src/Components/HomePage/Body/Left/Voorbereiding/FlightPlan/Steps/Step1/TemplateFlights/index.tsx,HomePage,11,20.754717,93,103
98d34db5-7efc-4e16-a4cd-84ec515a8940,src/Components/HomePage/Body/Left/Voorbereiding/SelectedPoint/EditPointDetails/Steps/Step2/index.tsx,HomePage,12,30.76923,39,50
98d34db5-7efc-4e16-a4cd-84ec515a8940,src/Components/HomePage/Body/Left/Voorbereiding/SelectedPoint/EditPointDetails/Steps/Step1.tsx,HomePage,12,20.689655,50,61
98d34db5-7efc-4e16-a4cd-84ec515a8940,src/Components/HomePage/Body/Left/Voorbereiding/SelectedPoint/EditPointDetails/Steps/Step1.tsx,HomePage,12,20.689655,79,90
aa2f87ed-2be0-4854-80a7-14856d79fda5,src/Components/HomePage/Body/Left/Voorbereiding/ViewPlan/Steps/DuplicateFlightPlan/Step2/Buttons.tsx,HomePage,12,25.531916,42,53
aa2f87ed-2be0-4854-80a7-14856d79fda5,src/Components/HomePage/Body/Left/Voorbereiding/FlightPlan/Steps/Step3/Buttons.tsx,HomePage,12,12.371134,87,98
aa2f87ed-2be0-4854-80a7-14856d79fda5,src/Components/HomePage/Body/Left/Voorbereiding/FlightPlan/Steps/Step1/TemplateFlights/index.tsx,HomePage,12,22.64151,92,103
5e59642e-65ee-4c91-a4d7-ae20cd0c6bd6,src/Components/HomePage/Body/Bottom/PointsView/index.tsx,HomePage,12,14.457831,84,95
5e59642e-65ee-4c91-a4d7-ae20cd0c6bd6,src/Components/HomePage/Body/Bottom/PointsView/common/hooks/useMapGraphics.ts,HomePage,12,17.142857,27,38
5e59642e-65ee-4c91-a4d7-ae20cd0c6bd6,src/Components/HomePage/Body/Bottom/PointsView/common/hooks/useMapGraphics.ts,HomePage,12,17.142857,88,99
96b65c5c-71f0-4049-8bd1-9d7cd7d07a65,src/Components/HomePage/Body/Left/Common/SearchedResultsTab/FlightPlans/FlightPlansList/DropDown.tsx,HomePage,22,20.754717,144,177
96b65c5c-71f0-4049-8bd1-9d7cd7d07a65,src/Components/HomePage/Body/Left/Common/SearchedResultsTab/Functions/GroupFunctions.tsx,HomePage,22,12.290503,209,242
25c82f82-8f4b-4837-952f-85b3cc8e6a8a,src/Components/HomePage/Body/Left/Nabewerking/VluchtenZoeken/Steps/Step2/Actions/EditFlight/FormElements.tsx,HomePage,21,44.68085,14,35
25c82f82-8f4b-4837-952f-85b3cc8e6a8a,src/Components/HomePage/Body/Left/Voorbereiding/ReuseFlightPlan/Steps/Step2/FormInputs.tsx,HomePage,21,58.333332,13,34
88caf934-600b-4b2d-b674-ee706fda1427,src/Components/HomePage/Body/Left/Common/AandachtspuntDetailsFields.tsx,HomePage,10,21.276596,39,48
88caf934-600b-4b2d-b674-ee706fda1427,src/Components/HomePage/Body/Left/Voorbereiding/EnrichedAddPoint/Steps/Step3/Form.tsx,HomePage,10,35.714287,9,18
88caf934-600b-4b2d-b674-ee706fda1427,src/Components/HomePage/Body/Left/Voorbereiding/DrawingTool/Step2/Form.tsx,HomePage,10,35.714287,9,18
e152c0bb-b0c3-43eb-8f64-f465cdc9d9e0,src/Components/HomePage/Body/Bottom/PlansView/Details/index.tsx,HomePage,20,62.5,26,76
e152c0bb-b0c3-43eb-8f64-f465cdc9d9e0,src/hooks/useGetFlightTimesDistance.ts,hooks,20,62.5,8,69
d4b4ccba-e3b3-48da-9da3-4b121eedc0f9,src/Components/HomePage/Body/Left/Voorbereiding/TemplateFlight/templateFlightStates.ts,HomePage,18,47.36842,5,32
d4b4ccba-e3b3-48da-9da3-4b121eedc0f9,src/hooks/zustand/voorbereiding/useFlightPlanState.ts,hooks,18,23.076923,35,62
d5e68be4-c014-4bf6-955f-fac7b1eed73b,src/Components/HomePage/Body/Left/Voorbereiding/ViewPlan/Steps/Step1/Buttons.tsx,HomePage,9,15.254237,21,29
d5e68be4-c014-4bf6-955f-fac7b1eed73b,src/Components/HomePage/Body/Left/Voorbereiding/ViewPlan/Steps/DuplicateFlightPlan/Step2/Form.tsx,HomePage,9,19.148935,20,28
d5e68be4-c014-4bf6-955f-fac7b1eed73b,src/Components/HomePage/Body/Left/Nabewerking/VluchtenZoeken/Steps/Step2/Actions/EditFlight/FormElements.tsx,HomePage,9,19.148935,39,47
d5e68be4-c014-4bf6-955f-fac7b1eed73b,src/Components/HomePage/Body/Left/Voorbereiding/ReuseFlightPlan/Steps/Step2/FormInputs.tsx,HomePage,9,25,38,46
d5e68be4-c014-4bf6-955f-fac7b1eed73b,src/Components/HomePage/Body/Left/Voorbereiding/ViewPlan/index.tsx,HomePage,9,10.843373,50,58
142c1ef3-dd99-4907-b5d7-50e92bc14ac1,src/Components/HomePage/Body/Left/Nabewerking/VluchtenZoeken/Steps/Step2/Actions/EditFlight/FormElements.tsx,HomePage,18,38.29787,18,35
142c1ef3-dd99-4907-b5d7-50e92bc14ac1,src/Components/HomePage/Body/Left/Voorbereiding/FlightPlan/Steps/Step1/index.tsx,HomePage,18,69.23077,16,33
8638f382-3c4d-49ac-9366-875cf05e99c7,src/Components/HomePage/Body/Left/Voorbereiding/FlightPlan/Steps/Step3/Buttons.tsx,HomePage,17,17.525774,85,103
8638f382-3c4d-49ac-9366-875cf05e99c7,src/Components/HomePage/Body/Left/Voorbereiding/FlightPlan/Steps/Step1/TemplateFlights/index.tsx,HomePage,17,32.07547,90,108
a643a014-1b4b-4590-928b-74823b5a6a30,src/hooks/zustand/useEnrichedPointState.ts,hooks,17,17.34694,73,95
a643a014-1b4b-4590-928b-74823b5a6a30,src/hooks/zustand/useEnrichedPointState.ts,hooks,17,17.34694,122,144
8347eb23-ee50-4350-a135-a174fb264dd3,src/Components/HomePage/Body/Left/Tools/AandachtspuntenVerwijderen/Actions/EditPointDetails/Steps/Step1/Buttons.tsx,HomePage,16,48.484848,29,51
8347eb23-ee50-4350-a135-a174fb264dd3,src/Components/HomePage/Body/Left/Tools/AandachtspuntenVerwijderen/Actions/EditPointDetails/Steps/Step2/index.tsx,HomePage,16,47.058823,36,58
2030d436-8a36-49a2-a158-bb72db81e2d3,src/Components/HomePage/Body/Left/Voorbereiding/SelectedPoint/EditPointDetails/Steps/Step2/Step2Sub1.tsx,HomePage,16,19.753086,9,26
2030d436-8a36-49a2-a158-bb72db81e2d3,src/Components/HomePage/Body/Left/Tools/AandachtspuntenVerwijderen/Actions/EditPointDetails/Steps/Step2/Step2Sub1.tsx,HomePage,16,16,11,28
b660afbc-1571-410b-abfd-f04fe0d65ea3,src/Components/HomePage/Body/Left/Common/SearchedResultsTab/FlightPlans/FlightPlansList/DropDown.tsx,HomePage,15,14.150944,118,135
b660afbc-1571-410b-abfd-f04fe0d65ea3,src/Components/HomePage/Body/Left/Common/SearchedResultsTab/Functions/GroupFunctions.tsx,HomePage,15,8.379889,150,167
e3f00cbc-f346-43f4-83a8-698a58e31532,src/Components/HomePage/Body/Left/Voorbereiding/SelectedPoint/EditPointDetails/Steps/Step2/index.tsx,HomePage,15,38.46154,38,52
e3f00cbc-f346-43f4-83a8-698a58e31532,src/Components/HomePage/Body/Left/Voorbereiding/SelectedPoint/EditPointDetails/Steps/Step1.tsx,HomePage,15,25.862068,49,63
9097bf25-2cc6-4860-9242-8a92f3b32c72,src/hooks/zustand/nabewerking/useFinishedPlansState.ts,hooks,14,22.580645,44,60
9097bf25-2cc6-4860-9242-8a92f3b32c72,src/hooks/zustand/useReuseFlightPlan.ts,hooks,14,24.561403,40,56
c03c688e-78d5-457e-a275-8b8e483489a1,src/hooks/zustand/useEnrichedPointState.ts,hooks,14,14.285714,51,70
c03c688e-78d5-457e-a275-8b8e483489a1,src/hooks/zustand/useEnrichedPointState.ts,hooks,14,14.285714,99,118
c23a25bd-07f0-441f-aeb5-493356f26d93,backend/src/helpers/http/runReturningUpdate.ts,backend,14,20.289856,41,57
c23a25bd-07f0-441f-aeb5-493356f26d93,backend/src/helpers/http/runReturningUpdate.ts,backend,14,20.289856,87,103
c743d25b-5259-4b10-bf34-e2f615eeb2a6,src/Components/HomePage/Body/Left/Common/SearchedResultsTab/Points/DropDown.tsx,HomePage,14,17.5,109,128
c743d25b-5259-4b10-bf34-e2f615eeb2a6,src/Components/HomePage/Body/Left/Common/SearchedResultsTab/Functions/GroupFunctions.tsx,HomePage,14,7.821229,182,201
f57616c9-d6bc-4cbc-9b31-192824bf3f0b,src/Components/HomePage/Body/Left/Voorbereiding/EnrichedAddPoint/helpers/getDistanceInMeters.ts,HomePage,14,93.333336,2,17
f57616c9-d6bc-4cbc-9b31-192824bf3f0b,src/Components/HomePage/Body/Left/Voorbereiding/EnrichedAddPoint/index.tsx,HomePage,14,18.918919,40,55
fb8ed086-b01d-4228-87a6-638655482805,src/Components/HomePage/Body/Left/Voorbereiding/DrawingTool/Step2/Form.tsx,HomePage,14,50,5,18
fb8ed086-b01d-4228-87a6-638655482805,src/Components/HomePage/Body/Left/Voorbereiding/EnrichedAddPoint/Steps/Step3/Form.tsx,HomePage,14,50,5,18
3af7e8a9-269d-4b0e-8b49-4860830910e5,src/Components/HomePage/Body/Left/Common/SearchedResultsTab/Functions/GroupFunctions.tsx,HomePage,14,7.821229,184,204
3af7e8a9-269d-4b0e-8b49-4860830910e5,src/Components/HomePage/Body/Left/Common/ResultTab/ListPointsFunctions/index.tsx,HomePage,14,15.730337,135,155
507c0312-9381-45f9-b03e-d4fe0cbd3512,src/Components/HomePage/Body/Left/Voorbereiding/EnrichedAddPoint/Steps/Step3/Buttons.tsx,HomePage,14,26.923077,39,52
507c0312-9381-45f9-b03e-d4fe0cbd3512,src/Components/HomePage/Body/Left/Voorbereiding/ViewPlan/Steps/AddPointStep/Steps/Step3/Buttons.tsx,HomePage,14,19.178082,48,62
5fe82a0e-51b7-4ebc-aa35-29b61e886599,src/Components/HomePage/Body/Left/Common/SearchedResultsTab/Functions/ListPointsFunctions/index.tsx,HomePage,14,13.725491,132,146
5fe82a0e-51b7-4ebc-aa35-29b61e886599,src/Components/HomePage/Body/Bottom/ClickedTableFunctions/PointsList.tsx,HomePage,14,7.8651686,240,254
924c298a-ace6-4128-9ddd-38ea88fbae33,src/Components/HomePage/Body/Left/Nabewerking/VluchtenZoeken/Steps/Step2/Actions/Waarnemingen/EditPointDetails/Actions/EditPointCoordinates/index.tsx,HomePage,13,54.166668,17,29
924c298a-ace6-4128-9ddd-38ea88fbae33,src/Components/HomePage/Body/Left/Nabewerking/VluchtenZoeken/Steps/Step2/Actions/Waarnemingen/EditPointDetails/Actions/EditPointCoordinates/useEditPointCoordinates.ts,HomePage,13,7.3863635,242,254
a7c2d0f5-f50e-46d0-b50d-97e091012af8,src/Components/HomePage/Body/Left/Common/SearchedResultsTab/Points/DropDown.tsx,HomePage,13,16.25,111,128
a7c2d0f5-f50e-46d0-b50d-97e091012af8,src/Components/HomePage/Body/Left/Common/ResultTab/ListPointsFunctions/index.tsx,HomePage,13,14.606742,135,152
2102b890-cf98-41aa-8d0b-feb7417a31bd,src/Components/HomePage/Body/Left/Common/SearchedResultsTab/FlightPlans/FlightPlanDetails/DropDown.tsx,HomePage,13,35.135136,39,60
2102b890-cf98-41aa-8d0b-feb7417a31bd,src/Components/HomePage/Body/Bottom/ClickedTableFunctions/PlansList.tsx,HomePage,13,36.11111,38,59
2db8fa8c-8302-4ef4-9366-ad3bfb01c5cb,src/Components/HomePage/Body/Left/Voorbereiding/DrawingTool/Step2/Form.tsx,HomePage,13,46.42857,21,33
2db8fa8c-8302-4ef4-9366-ad3bfb01c5cb,src/Components/HomePage/Body/Left/Voorbereiding/EnrichedAddPoint/Steps/Step3/Form.tsx,HomePage,13,46.42857,21,33
2f2bb1c0-d7df-4098-8c50-1150db55f0cc,src/Components/HomePage/Body/Left/Voorbereiding/ViewPlan/Steps/AddPointToPlan/index.tsx,HomePage,13,18.055555,72,87
2f2bb1c0-d7df-4098-8c50-1150db55f0cc,src/Components/HomePage/Body/Left/Voorbereiding/AddPointsVluchtPlan/Common/StepContent.tsx,HomePage,13,12.380953,120,135
650acb4b-a17f-4212-be60-7de499e6ef7e,backend/src/helpers/queries/geometries/formatPlanGeometries.ts,backend,13,9.774436,120,132
650acb4b-a17f-4212-be60-7de499e6ef7e,backend/src/routes/geometries/getGeometries.ts,backend,13,39.39394,12,24
6f47dbc9-f095-4d04-ab61-70933b4cca78,src/Components/HomePage/Body/Right/SelectedPlansPointsList/Common/useGeometryPlanImages.ts,HomePage,13,26,53,71
6f47dbc9-f095-4d04-ab61-70933b4cca78,src/Components/HomePage/Body/Right/SelectedPlansPointsList/Common/usePointPlanImages.ts,HomePage,13,22.413794,62,80
9335db13-ddd3-4ba8-b88b-cbf93f066916,src/Components/HomePage/Body/Left/Voorbereiding/FlightPlan/Common/PointsList.tsx,HomePage,12,35.294117,37,53
9335db13-ddd3-4ba8-b88b-cbf93f066916,src/Components/HomePage/Body/Left/Voorbereiding/TemplateFlight/PointsList.tsx,HomePage,12,15.584415,79,95
cde00bed-f7e6-494a-b0ec-96d2276e27a5,src/Components/HomePage/Body/Left/Nabewerking/CreateReport/Steps/Step2/Buttons.tsx,HomePage,12,15.789474,51,70
cde00bed-f7e6-494a-b0ec-96d2276e27a5,src/Components/HomePage/Body/Left/Nabewerking/CreateReport/Steps/Step2/Buttons.tsx,HomePage,12,15.789474,96,115
eeb353b6-4311-4e29-8245-264883660877,src/Components/HomePage/Body/Left/Voorbereiding/ViewPlan/Steps/Step2/Form.tsx,HomePage,12,42.857143,19,30
eeb353b6-4311-4e29-8245-264883660877,src/Components/HomePage/Body/Left/Voorbereiding/FlightPlan/Steps/Step1/index.tsx,HomePage,12,46.153847,15,26
ffccbdaf-7516-470d-a3d6-f55d958b5dae,src/helpers/timeslider/flightPlansYellowHighlights.ts,helpers,12,14.117647,87,104
ffccbdaf-7516-470d-a3d6-f55d958b5dae,src/helpers/timeslider/selectedPlansPointsList.ts,helpers,12,8.275862,170,188
6f9f8b89-d00d-4008-a7d6-14b097360806,src/Components/HomePage/Body/Left/Common/SearchedResultsTab/Functions/ListPointsFunctions/index.tsx,HomePage,12,11.764706,67,83
6f9f8b89-d00d-4008-a7d6-14b097360806,src/Components/HomePage/Body/Bottom/ClickedTableFunctions/PointsList.tsx,HomePage,12,6.741573,116,132
936a49a7-bd0d-4dba-9330-43ab6fe88cc2,src/Components/HomePage/Body/Left/Voorbereiding/ViewPlan/Steps/AddPointStep/Steps/Step2/index.tsx,HomePage,11,22.916666,63,73
936a49a7-bd0d-4dba-9330-43ab6fe88cc2,src/Components/HomePage/Body/Left/Voorbereiding/EnrichedAddPoint/Steps/Step2/useCoordinatesWatcher.ts,HomePage,11,47.826088,17,27
aa43ba8e-b3ea-48ed-97ad-f8f15ab082c7,src/helpers/points/buildPointUpdatePayload.ts,helpers,11,23.913044,43,53
aa43ba8e-b3ea-48ed-97ad-f8f15ab082c7,src/Components/HomePage/Body/Left/Nabewerking/VluchtenZoeken/Steps/Step2/Actions/Waarnemingen/EditGeometryDetails/Actions/Form/index.tsx,HomePage,11,11.578947,56,66
c06024a2-f080-4f65-a5f1-f4ec6cc91198,src/Components/HomePage/Body/Left/Nabewerking/VluchtenZoeken/Steps/Step1/Content/SinglePlan.tsx,HomePage,11,61.11111,15,27
c06024a2-f080-4f65-a5f1-f4ec6cc91198,src/Components/HomePage/Body/Left/Voorbereiding/ReuseFlightPlan/Steps/Step1/SinglePlan.tsx,HomePage,11,57.894737,20,32
cc74972f-d376-467f-adde-e7eb9ffff173,src/Components/HomePage/Body/Left/Voorbereiding/AddPointsVluchtPlan/Common/Filter.tsx,HomePage,11,55,21,32
cc74972f-d376-467f-adde-e7eb9ffff173,src/Components/HomePage/Body/Left/Voorbereiding/FlightPlan/Common/Filter.tsx,HomePage,11,45.833332,28,39
e693dac9-7ed2-47cf-b948-d3c375fc612b,src/Types/keycloakUser.ts,Types,11,100,1,11
e693dac9-7ed2-47cf-b948-d3c375fc612b,backend/src/routes/keycloak/management/users/types.ts,backend,11,100,1,11
ef8feed0-1487-4a5a-af8a-151f1a242f8b,src/Components/HomePage/Body/Left/Common/FiltersSection/FilterSelect.tsx,HomePage,11,91.666664,2,14
ef8feed0-1487-4a5a-af8a-151f1a242f8b,src/Components/HomePage/Body/Left/Common/FormComponents/SelectComp.tsx,HomePage,11,91.666664,4,16
2fd4f9f6-92ed-41c9-940b-e869045714d1,src/Components/HomePage/Body/Left/Nabewerking/CreateReport/Steps/Step1/index.tsx,HomePage,11,44,23,36
2fd4f9f6-92ed-41c9-940b-e869045714d1,src/Components/HomePage/Body/Left/Nabewerking/VluchtenZoeken/hooks/useFilterAndSortPlans.ts,HomePage,11,50,22,35
45b17c5a-caeb-4bdb-b4d0-86ab8889f57e,src/Components/HomePage/Body/Left/Voorbereiding/ViewPlan/Steps/Step2/Form.tsx,HomePage,11,39.285713,20,30
45b17c5a-caeb-4bdb-b4d0-86ab8889f57e,src/Components/HomePage/Body/Left/Nabewerking/VluchtenZoeken/Steps/Step2/Actions/EditFlight/FormElements.tsx,HomePage,11,23.404255,18,28
4c777b37-baa3-4991-8c07-e0b4cd56b962,src/Components/HomePage/Body/Left/Nabewerking/VluchtenZoeken/Steps/Step2/Actions/EditFlight/Buttons.tsx,HomePage,11,18.032787,55,65
4c777b37-baa3-4991-8c07-e0b4cd56b962,src/Components/HomePage/Body/Left/Voorbereiding/ViewPlan/Steps/EditPoint/Buttons/RemovePoint.tsx,HomePage,11,14.473684,52,62
83dc8caa-f22e-45c9-9a87-a7bb86b1299d,src/Components/HomePage/Body/Bottom/ClickedTableFunctions/PointsList.tsx,HomePage,10,5.6179776,114,127
83dc8caa-f22e-45c9-9a87-a7bb86b1299d,src/Components/HomePage/Body/Bottom/ClickedTableFunctions/PointsList.tsx,HomePage,10,5.6179776,146,158
9efa040f-638e-457f-834f-c8b2ab1712ea,src/Components/HomePage/Body/Left/Common/SearchedResultsTab/FlightPlans/FlightPlansList/DropDown.tsx,HomePage,10,9.433962,82,95
9efa040f-638e-457f-834f-c8b2ab1712ea,src/Components/HomePage/Body/Left/Common/SearchedResultsTab/Functions/ListPointsFunctions/index.tsx,HomePage,10,9.803922,65,78
a83b8cde-c960-4fb1-882c-5ba88660014e,src/Components/HomePage/Body/Left/Nabewerking/VluchtenZoeken/Steps/Step2/Actions/EditFlight/FormElements.tsx,HomePage,10,21.276596,38,47
a83b8cde-c960-4fb1-882c-5ba88660014e,src/Components/HomePage/Body/Left/Voorbereiding/ReuseFlightPlan/Steps/Step2/FormInputs.tsx,HomePage,10,27.777779,37,46
b0169248-9ef4-4078-a18c-f87cb19f6ce2,src/Components/HomePage/Body/Left/Voorbereiding/ViewPlan/Steps/DuplicateFlightPlan/Step2/Buttons.tsx,HomePage,10,21.276596,25,34
b0169248-9ef4-4078-a18c-f87cb19f6ce2,src/Components/HomePage/Body/Left/Voorbereiding/ViewPlan/Steps/DuplicateFlightPlan/Step2/Form.tsx,HomePage,10,21.276596,32,41
b5678f2b-29de-47e0-8b1a-7124d065290f,src/Components/HomePage/Body/Left/Common/SearchedResultsTab/Functions/ListPointsFunctions/index.tsx,HomePage,10,9.803922,104,117
b5678f2b-29de-47e0-8b1a-7124d065290f,src/Components/HomePage/Body/Bottom/ClickedTableFunctions/PointsList.tsx,HomePage,10,5.6179776,183,196
badc2b59-2483-478f-997d-cdfe17ac58ab,src/Components/HomePage/Body/Left/Voorbereiding/ViewPlan/Steps/AddPointStep/Steps/Step3/Buttons.tsx,HomePage,10,13.69863,100,115
badc2b59-2483-478f-997d-cdfe17ac58ab,src/Components/HomePage/Body/Left/Voorbereiding/ViewPlan/Steps/AddPointStep/index.tsx,HomePage,10,11.627907,90,105
fcb616c7-d999-4b63-9a55-8731671954c9,src/Components/HomePage/Body/Left/Voorbereiding/TemplateFlight/Steps/Step3/Buttons.tsx,HomePage,10,12.195122,54,63
fcb616c7-d999-4b63-9a55-8731671954c9,src/Components/HomePage/Body/Left/Voorbereiding/FlightPlan/Steps/Step3/Buttons.tsx,HomePage,10,10.3092785,57,66
fcb6ca8f-044d-4d73-84a0-8610258471e5,src/helpers/ArcGISHelpers/bufferGraphics.ts,helpers,10,16.393442,31,42
fcb6ca8f-044d-4d73-84a0-8610258471e5,src/Components/HomePage/Body/Left/Common/ResultTab/PointListBuffer.tsx,HomePage,10,25,30,41
1a927c5f-c180-47b0-beef-b3f687ede05d,src/Components/HomePage/Body/Left/Voorbereiding/TemplateFlight/Steps/Step2/index.tsx,HomePage,10,22.727272,28,39
1a927c5f-c180-47b0-beef-b3f687ede05d,src/Components/HomePage/Body/Left/Voorbereiding/FlightPlan/Steps/Step2/index.tsx,HomePage,10,35.714287,39,50
3532992f-62f1-4a17-ad08-bcd1977ef033,src/Components/HomePage/Body/Right/SelectedPlansPointsList/Common/useGeometryPlanImages.ts,HomePage,10,20,31,44
3532992f-62f1-4a17-ad08-bcd1977ef033,src/Components/HomePage/Body/Right/SelectedPlansPointsList/Common/usePointPlanImages.ts,HomePage,10,17.241379,40,53
3584df81-dc4a-4604-879e-d4812243bedf,src/Components/HomePage/Body/Left/Voorbereiding/TemplateFlight/Steps/Step2/index.tsx,HomePage,10,22.727272,40,54
3584df81-dc4a-4604-879e-d4812243bedf,src/Components/HomePage/Body/Left/Voorbereiding/TemplateFlight/Steps/Step3/index.tsx,HomePage,10,21.73913,42,56
48af21c4-b566-4b56-ab5f-77f4e613555e,src/Components/HomePage/Body/Left/Common/AandachtspuntDetailsFields.tsx,HomePage,10,21.276596,9,18
48af21c4-b566-4b56-ab5f-77f4e613555e,src/hooks/zustand/useDrawingStore.ts,hooks,10,26.31579,12,21
7500e73b-b571-4173-8758-231639c3da4a,src/Components/HomePage/Body/Left/Voorbereiding/TemplateFlight/Steps/Step3/index.tsx,HomePage,10,21.73913,30,41
7500e73b-b571-4173-8758-231639c3da4a,src/Components/HomePage/Body/Left/Voorbereiding/FlightPlan/Steps/Step3/index.tsx,HomePage,10,35.714287,36,47
7bb2f4d6-8779-43d8-88bc-a9269cead0f4,src/Components/HomePage/Body/Left/Voorbereiding/ReuseFlightPlan/Common/Filter.tsx,HomePage,10,76.92308,9,18
7bb2f4d6-8779-43d8-88bc-a9269cead0f4,src/Components/HomePage/Body/Left/Voorbereiding/ViewPlan/Filter/index.tsx,HomePage,10,76.92308,9,18
842de1e2-c128-44c6-b0b9-8f506af71aaa,src/Components/HomePage/Head/Common/FilterTabs.tsx,HomePage,9,37.5,26,36
842de1e2-c128-44c6-b0b9-8f506af71aaa,src/Components/HomePage/Body/Left/Common/TabHeader/index.tsx,HomePage,9,16.071428,28,38
842de1e2-c128-44c6-b0b9-8f506af71aaa,src/Components/HomePage/Body/Left/Common/FiltersSection/index.tsx,HomePage,9,18.75,51,61
9be31d9f-5a07-4741-a919-e52cc787789e,src/Components/HomePage/Body/Left/Common/SearchedResultsTab/FlightPlans/FlightPlanDetails/DropDown.tsx,HomePage,9,24.324324,63,114
9be31d9f-5a07-4741-a919-e52cc787789e,src/Components/HomePage/Body/Left/Common/SearchedResultsTab/Points/DropDown.tsx,HomePage,9,11.25,132,262
9be31d9f-5a07-4741-a919-e52cc787789e,src/Components/HomePage/Body/Left/Common/SearchedResultsTab/FlightPlans/FlightPlansList/DropDown.tsx,HomePage,9,8.490566,180,310
bb392090-35eb-4585-8cb0-8b19013848e6,src/Components/HomePage/Body/Bottom/PointsView/PointsTable/index.tsx,HomePage,9,28.125,45,54
bb392090-35eb-4585-8cb0-8b19013848e6,src/Components/HomePage/Body/Bottom/PointsView/GeometriesTable/index.tsx,HomePage,9,23.68421,49,58
bb392090-35eb-4585-8cb0-8b19013848e6,src/Components/HomePage/Body/Bottom/PointsView/FlightPlansTable/index.tsx,HomePage,9,10.4651165,121,130
6fcfa7a1-79f7-4319-840e-7cbeed39c275,src/Components/HomePage/Body/Left/Common/SearchedResultsTab/FlightPlans/FlightPlansList/DropDown.tsx,HomePage,9,8.490566,84,95
6fcfa7a1-79f7-4319-840e-7cbeed39c275,src/Components/HomePage/Body/Bottom/ClickedTableFunctions/PointsList.tsx,HomePage,9,5.05618,116,127
6fcfa7a1-79f7-4319-840e-7cbeed39c275,src/Components/HomePage/Body/Bottom/ClickedTableFunctions/PointsList.tsx,HomePage,9,5.05618,147,158
7299076d-f391-4bec-bf53-1fdeb03fc572,src/hooks/zustand/shared/flightPlanFormFields.ts,hooks,9,15.5172415,26,34
7299076d-f391-4bec-bf53-1fdeb03fc572,src/hooks/zustand/nabewerking/useFinishedPlansState.ts,hooks,9,14.5161295,44,52
7299076d-f391-4bec-bf53-1fdeb03fc572,src/hooks/zustand/useReuseFlightPlan.ts,hooks,9,15.789474,40,48
ebb672a2-be07-4ada-87fa-3569d7285dc5,src/Components/HomePage/Body/Left/Voorbereiding/TemplateFlight/Steps/Step3/index.tsx,HomePage,7,15.217391,31,37
ebb672a2-be07-4ada-87fa-3569d7285dc5,src/Components/HomePage/Body/Left/Voorbereiding/FlightPlan/Steps/Step3/index.tsx,HomePage,7,25,37,43
ebb672a2-be07-4ada-87fa-3569d7285dc5,src/Components/HomePage/Body/Left/Voorbereiding/FlightPlan/Common/SelectButtons.tsx,HomePage,7,17.073172,20,26
ebb672a2-be07-4ada-87fa-3569d7285dc5,src/Components/HomePage/Body/Left/Voorbereiding/AddPointsVluchtPlan/Common/SelectButtons.tsx,HomePage,7,15.555555,26,32
0cafa703-e6ea-40f6-9613-92a8c4cde852,src/Components/HomePage/Body/Left/Voorbereiding/TemplateFlight/Steps/Step2/index.tsx,HomePage,7,15.909091,29,35
0cafa703-e6ea-40f6-9613-92a8c4cde852,src/Components/HomePage/Body/Left/Voorbereiding/FlightPlan/Steps/Step2/index.tsx,HomePage,7,25,40,46
0cafa703-e6ea-40f6-9613-92a8c4cde852,src/Components/HomePage/Body/Left/Voorbereiding/FlightPlan/Common/SelectButtons.tsx,HomePage,7,17.073172,34,40
0cafa703-e6ea-40f6-9613-92a8c4cde852,src/Components/HomePage/Body/Left/Voorbereiding/AddPointsVluchtPlan/Common/SelectButtons.tsx,HomePage,7,15.555555,43,49
65c00290-7f3c-4d94-aa73-9cbe2ef1dce4,src/Components/HomePage/Body/Left/Voorbereiding/EnrichedAddPoint/Steps/Step2/CoordinatesInput.tsx,HomePage,7,18.918919,12,18
65c00290-7f3c-4d94-aa73-9cbe2ef1dce4,src/Components/HomePage/Body/Left/Voorbereiding/ViewPlan/Steps/AddPointStep/Steps/Step2/index.tsx,HomePage,7,14.583333,29,35
65c00290-7f3c-4d94-aa73-9cbe2ef1dce4,src/Components/HomePage/Body/Left/Voorbereiding/EnrichedAddPoint/Steps/Step2/UpdateBtn.tsx,HomePage,7,20,16,22
65c00290-7f3c-4d94-aa73-9cbe2ef1dce4,src/Components/HomePage/Body/Left/Voorbereiding/EnrichedAddPoint/Steps/Step2/useCoordinatesWatcher.ts,HomePage,7,30.434782,9,15
7fbcd11f-96ee-4def-b08d-f313021a88d1,backend/src/helpers/queries/geometries/geometryJson.ts,backend,8,15.686275,13,20
7fbcd11f-96ee-4def-b08d-f313021a88d1,src/helpers/points/pointColumnKeys.ts,helpers,8,18.60465,2,9
7fbcd11f-96ee-4def-b08d-f313021a88d1,src/helpers/points/pointColumnKeys.ts,helpers,8,18.60465,18,25
870b6c1d-1061-43ee-a7b3-3e61c2fc1bd2,src/Components/HomePage/Body/Left/Common/SearchedResultsTab/Functions/ListPointsFunctions/index.tsx,HomePage,9,8.823529,53,63
870b6c1d-1061-43ee-a7b3-3e61c2fc1bd2,src/Components/HomePage/Body/Bottom/ClickedTableFunctions/PointsList.tsx,HomePage,9,5.05618,102,112
888efe20-ef56-4f42-a7da-1db35097cd0c,src/Components/HomePage/Body/Left/Common/ResultTab/ListPointsFunctions/index.tsx,HomePage,9,10.11236,98,108
888efe20-ef56-4f42-a7da-1db35097cd0c,src/Components/HomePage/Body/Bottom/ClickedTableFunctions/PointsList.tsx,HomePage,9,5.05618,134,144
a13ce150-7a14-4e8c-99b0-6165752f196f,src/Components/HomePage/Body/Right/SelectedPlansPointsList/Images/SelectedPlanGeometryImagesPanel.tsx,HomePage,9,40.909092,24,59
a13ce150-7a14-4e8c-99b0-6165752f196f,src/Components/HomePage/Body/Right/SelectedPlansPointsList/Images/SelectedPlanPointImagesPanel.tsx,HomePage,9,40.909092,24,59
a43e638b-594c-4b33-a0c4-c91637b3d8e1,src/hooks/zustand/nabewerking/useChangePlanStatusState.ts,hooks,9,18,24,37
a43e638b-594c-4b33-a0c4-c91637b3d8e1,src/hooks/zustand/nabewerking/useCreateReportState.ts,hooks,9,14.285714,33,46
af4e449f-5da6-46d2-90cc-bc4f5a885839,src/Components/HomePage/Body/Left/Common/ResultTab/PointsList.tsx,HomePage,9,16.981133,76,85
af4e449f-5da6-46d2-90cc-bc4f5a885839,src/Components/HomePage/Body/Left/Common/ResultTab/PointsListEdit.tsx,HomePage,9,24.324324,52,62
b59ba80b-4a7a-44b3-a0b8-e6e5a537b885,src/Components/HomePage/Head/Common/FilterTabs.tsx,HomePage,9,37.5,15,24
b59ba80b-4a7a-44b3-a0b8-e6e5a537b885,src/Components/HomePage/Body/Left/Common/TabHeader/index.tsx,HomePage,9,16.071428,15,24
b91a5570-7094-456f-85f4-cbbf21e80ac0,src/hooks/points/sortPointsWithSelectionOrder.ts,hooks,9,45,8,20
b91a5570-7094-456f-85f4-cbbf21e80ac0,src/hooks/viewPlan/useSortedPointSelection.ts,hooks,9,47.36842,9,21
bd447fcd-14d0-432a-b89b-2df515d8f0e2,src/Components/HomePage/Body/Left/Nabewerking/VluchtenZoeken/Steps/Step2/Actions/EditFlight/Buttons.tsx,HomePage,9,14.754098,71,79
bd447fcd-14d0-432a-b89b-2df515d8f0e2,src/Components/HomePage/Body/Left/Voorbereiding/ViewPlan/Steps/EditPoint/Buttons/RemovePoint.tsx,HomePage,9,11.842105,31,39
c7cf86e5-0672-4a4a-9ba6-f3a5bd0c7040,src/helpers/tokens/ArcGISUserToken.ts,helpers,9,12.328767,57,65
c7cf86e5-0672-4a4a-9ba6-f3a5bd0c7040,src/helpers/refreshToken.ts,helpers,9,22.5,24,32
d500646d-9567-4392-bc1b-27e9f1ad7c70,src/Components/HomePage/Body/Left/Voorbereiding/TemplateFlight/templateFlightStates.ts,HomePage,9,23.68421,45,53
d500646d-9567-4392-bc1b-27e9f1ad7c70,src/hooks/zustand/voorbereiding/useFlightPlanState.ts,hooks,9,11.538462,95,103
dcbd326f-e190-4ca7-9c18-ac619a9415b4,src/helpers/points/buildPointUpdatePayload.ts,helpers,6,13.043478,4,9
dcbd326f-e190-4ca7-9c18-ac619a9415b4,src/Types/finished_plans.ts,Types,6,10.526316,31,36
dcbd326f-e190-4ca7-9c18-ac619a9415b4,backend/src/helpers/validators/finishedPlan.ts,backend,6,9.090909,38,43
dcbd326f-e190-4ca7-9c18-ac619a9415b4,src/Types/index.ts,Types,6,4.316547,5,10
dcbd326f-e190-4ca7-9c18-ac619a9415b4,src/helpers/points/pointColumnKeys.ts,helpers,6,13.953488,34,39
de5fa436-b854-4195-a35c-43e4668678fa,src/hooks/zustand/shared/flightPlanFormFields.ts,hooks,9,15.5172415,41,49
de5fa436-b854-4195-a35c-43e4668678fa,src/hooks/zustand/voorbereiding/useFlightPlanState.ts,hooks,9,11.538462,86,94
f5a72d9f-917f-4316-a31e-43981afedffa,src/Components/HomePage/Body/Bottom/ClickedTableFunctions/PlansList.tsx,HomePage,9,25,63,72
f5a72d9f-917f-4316-a31e-43981afedffa,src/Components/HomePage/Body/Bottom/ClickedTableFunctions/PointsList.tsx,HomePage,9,5.05618,71,80
02681662-dc1c-4617-8865-2c67b1009137,src/Components/HomePage/Body/Left/Voorbereiding/SelectedPoint/AddToPlan/StepNo/Buttons.tsx,HomePage,9,34.615383,8,18
02681662-dc1c-4617-8865-2c67b1009137,src/Components/HomePage/Body/Left/Voorbereiding/SelectedPoint/AddToPlan/StepMultiplePoints/Buttons.tsx,HomePage,9,34.615383,8,18
158a98bc-9251-4679-8157-ca5451b34afd,backend/src/routes/template_plans/createTemplateFlightPlan.ts,backend,9,30,50,59
158a98bc-9251-4679-8157-ca5451b34afd,backend/src/routes/template_plans/createTemplateName.ts,backend,9,52.941177,29,38
26ea49b0-3c75-46fd-bb60-b2229c16b4c2,src/Components/HomePage/Body/Left/Common/ResultTab/PointsList.tsx,HomePage,9,16.981133,31,39
26ea49b0-3c75-46fd-bb60-b2229c16b4c2,src/Components/HomePage/Body/Left/Common/ResultTab/PointsListEdit.tsx,HomePage,9,24.324324,42,50
2cea880b-8e56-4998-9f63-ba12dd4d8a57,src/Components/HomePage/Body/Left/Voorbereiding/EnrichedAddPoint/Steps/Step2/CoordinatesInput.tsx,HomePage,9,24.324324,12,22
2cea880b-8e56-4998-9f63-ba12dd4d8a57,src/Components/HomePage/Body/Left/Voorbereiding/EnrichedAddPoint/Steps/Step2/UpdateBtn.tsx,HomePage,9,25.714285,16,26
52508c7c-c9a6-44ef-bfac-2dcff13afa7e,src/hooks/filters/usePlansFilterStore.ts,hooks,9,34.615383,25,36
52508c7c-c9a6-44ef-bfac-2dcff13afa7e,src/hooks/filters/usePointsFilterStore.ts,hooks,9,29.032259,31,42
5a6a11b2-d5c4-4014-a2cb-bff21248bbc2,src/Components/HomePage/Body/Left/Common/SearchedResultsTab/Points/DropDown.tsx,HomePage,6,7.5,75,82
5a6a11b2-d5c4-4014-a2cb-bff21248bbc2,src/Components/HomePage/Body/Left/Common/SearchedResultsTab/FlightPlans/FlightPlansList/DropDown.tsx,HomePage,6,5.6603775,84,91
5a6a11b2-d5c4-4014-a2cb-bff21248bbc2,src/Components/HomePage/Body/Left/Common/SearchedResultsTab/Functions/ListPointsFunctions/index.tsx,HomePage,6,5.882353,67,74
5a6a11b2-d5c4-4014-a2cb-bff21248bbc2,src/Components/HomePage/Body/Bottom/ClickedTableFunctions/PointsList.tsx,HomePage,6,3.3707864,116,123
5a6a11b2-d5c4-4014-a2cb-bff21248bbc2,src/Components/HomePage/Body/Bottom/ClickedTableFunctions/PointsList.tsx,HomePage,6,3.3707864,147,154
63d108c3-35a6-4c3c-b8d8-8933ce47217e,src/Components/HomePage/Body/Left/Voorbereiding/TemplateFlight/Steps/Step2/index.tsx,HomePage,9,20.454546,56,68
63d108c3-35a6-4c3c-b8d8-8933ce47217e,src/Components/HomePage/Body/Left/Voorbereiding/TemplateFlight/Steps/Step3/index.tsx,HomePage,9,19.565218,58,70
7961f298-d195-46b5-beb3-16ad866dcb0e,src/Components/HomePage/Body/Left/Voorbereiding/ViewPlan/Steps/AddPointToPlan/Buttons.tsx,HomePage,9,12.676056,28,38
7961f298-d195-46b5-beb3-16ad866dcb0e,src/Components/HomePage/Body/Left/Voorbereiding/ViewPlan/Steps/AddPointsFromPlan/SelectFromSource/index.tsx,HomePage,9,6.25,225,233
7a84c593-b75f-44fb-a3af-81539e3dc9b1,backend/src/routes/devices-updates/db.ts,backend,9,4.5454545,98,106
7a84c593-b75f-44fb-a3af-81539e3dc9b1,backend/src/routes/devices-updates/db.ts,backend,9,4.5454545,116,124
a880c945-c62c-40b1-9d18-2a9d7b2b48fa,src/Components/HomePage/Body/Left/Voorbereiding/EnrichedAddPoint/helpers/getDistanceInMeters.ts,HomePage,7,46.666668,9,17
a880c945-c62c-40b1-9d18-2a9d7b2b48fa,src/helpers/getDistanceMeters.ts,helpers,7,46.666668,9,16
a880c945-c62c-40b1-9d18-2a9d7b2b48fa,src/Components/HomePage/Body/Left/Voorbereiding/EnrichedAddPoint/index.tsx,HomePage,7,9.459459,47,55
e1bf8423-3753-4ba1-96fa-2bc8efb01f40,src/Components/HomePage/Body/Left/Voorbereiding/ViewPlan/Steps/AddPointToPlan/index.tsx,HomePage,7,9.722222,72,79
e1bf8423-3753-4ba1-96fa-2bc8efb01f40,src/Components/HomePage/Body/Left/Voorbereiding/ViewPlan/Steps/AddPointsFromPlan/SelectFromSource/index.tsx,HomePage,7,4.861111,105,112
e1bf8423-3753-4ba1-96fa-2bc8efb01f40,src/Components/HomePage/Body/Left/Voorbereiding/AddPointsVluchtPlan/Common/StepContent.tsx,HomePage,7,6.6666665,120,127
e9e0b626-1996-42b6-9635-48a99c2736e6,src/Types/finished_plans.ts,Types,7,12.280702,30,36
e9e0b626-1996-42b6-9635-48a99c2736e6,backend/src/helpers/validators/finishedPlan.ts,backend,7,10.606061,37,43
e9e0b626-1996-42b6-9635-48a99c2736e6,src/Types/index.ts,Types,7,5.035971,4,10
081b9595-b380-4dd1-97e3-19d21194333e,backend/src/helpers/queries/geometries/geometryJson.ts,backend,6,11.764706,13,18
081b9595-b380-4dd1-97e3-19d21194333e,src/helpers/points/pointColumnKeys.ts,helpers,6,13.953488,2,7
081b9595-b380-4dd1-97e3-19d21194333e,src/helpers/points/pointColumnKeys.ts,helpers,6,13.953488,18,23
081b9595-b380-4dd1-97e3-19d21194333e,backend/src/helpers/queries/points/pointCoreColumns.ts,backend,6,19.35484,2,7
2746fedf-8a4e-4a8c-943f-a14f35c9863b,src/Components/HomePage/Body/Left/Voorbereiding/ReuseFlightPlan/Common/Filter.tsx,HomePage,7,53.846153,12,18
2746fedf-8a4e-4a8c-943f-a14f35c9863b,src/Components/HomePage/Body/Left/Voorbereiding/RemoveFlightPlan/Filter/index.tsx,HomePage,7,53.846153,10,16
2746fedf-8a4e-4a8c-943f-a14f35c9863b,src/Components/HomePage/Body/Left/Voorbereiding/ViewPlan/Filter/index.tsx,HomePage,7,53.846153,12,18
4f6500af-c4e2-4f0d-90f7-fefeca1c8c8d,src/Components/HomePage/Body/Left/Common/SearchedResultsTab/FlightPlans/FlightPlansList/DropDown.tsx,HomePage,7,6.6037736,104,110
4f6500af-c4e2-4f0d-90f7-fefeca1c8c8d,src/Components/HomePage/Body/Bottom/ClickedTableFunctions/PointsList.tsx,HomePage,7,3.9325843,183,189
4f6500af-c4e2-4f0d-90f7-fefeca1c8c8d,src/Components/HomePage/Body/Bottom/ClickedTableFunctions/PointsList.tsx,HomePage,7,3.9325843,213,219
6d3c38c2-ff5b-4d98-b227-0e724626679b,src/Components/HomePage/Body/Left/Voorbereiding/ViewPlan/Steps/Step2/Form.tsx,HomePage,6,21.428572,31,36
6d3c38c2-ff5b-4d98-b227-0e724626679b,src/Components/HomePage/Body/Left/Nabewerking/VluchtenZoeken/Steps/Step2/Actions/EditFlight/FormElements.tsx,HomePage,6,12.765958,30,35
6d3c38c2-ff5b-4d98-b227-0e724626679b,src/Components/HomePage/Body/Left/Voorbereiding/ReuseFlightPlan/Steps/Step2/FormInputs.tsx,HomePage,6,16.666666,29,34
6d3c38c2-ff5b-4d98-b227-0e724626679b,src/Components/HomePage/Body/Left/Voorbereiding/FlightPlan/Steps/Step1/index.tsx,HomePage,6,23.076923,28,33
6ec70c17-4dfe-4a3b-bbca-7c70405e56b2,backend/src/routes/flightPlans/getAllFlightPlans.ts,backend,6,35.294117,6,11
6ec70c17-4dfe-4a3b-bbca-7c70405e56b2,backend/src/routes/flightPlans/getFullPreparedFlightPlans.ts,backend,6,40,5,10
6ec70c17-4dfe-4a3b-bbca-7c70405e56b2,backend/src/routes/flightPlans/getPrepreparedFlightPlans.ts,backend,6,42.857143,5,10
6ec70c17-4dfe-4a3b-bbca-7c70405e56b2,backend/src/routes/flightPlans/getUnPreparedPlans.ts,backend,6,40,5,10
773d94f5-f23c-48c9-a9b7-85d615d45470,src/Components/HomePage/Body/Left/Common/PeriodFilterPanel.tsx,HomePage,6,20.689655,5,10
773d94f5-f23c-48c9-a9b7-85d615d45470,src/hooks/zustand/nabewerking/useChangePlanStatusState.ts,hooks,6,12,24,31
773d94f5-f23c-48c9-a9b7-85d615d45470,src/hooks/zustand/nabewerking/useCreateReportState.ts,hooks,6,9.523809,33,40
773d94f5-f23c-48c9-a9b7-85d615d45470,src/hooks/zustand/nabewerking/useFinishedPlansState.ts,hooks,6,9.67742,29,36
79c53a75-fd5f-4b08-9653-cd98905d56f2,src/helpers/ArcGISHelpers/createNewPointEvent.ts,helpers,7,18.918919,16,22
79c53a75-fd5f-4b08-9653-cd98905d56f2,src/Components/HomePage/Body/Left/Voorbereiding/ViewPlan/Steps/AddPointStep/index.tsx,HomePage,7,8.139535,63,69
79c53a75-fd5f-4b08-9653-cd98905d56f2,src/Components/HomePage/Body/Left/Voorbereiding/EnrichedAddPoint/index.tsx,HomePage,7,9.459459,88,94
8acdbf6e-8c4b-4b37-805c-2939377b6140,src/Components/HomePage/Body/Left/Common/AandachtspuntDetailsFields.tsx,HomePage,6,12.765958,43,48
8acdbf6e-8c4b-4b37-805c-2939377b6140,src/Components/HomePage/Body/Left/Voorbereiding/DrawingTool/Step2/Form.tsx,HomePage,6,21.428572,13,18
8acdbf6e-8c4b-4b37-805c-2939377b6140,src/Components/HomePage/Body/Left/Voorbereiding/ViewPlan/Steps/AddPointStep/Steps/Step3/Form.tsx,HomePage,6,33.333332,18,23
8b0a205d-522f-49af-9f47-1b171a3b7605,src/Types/devices.ts,Types,8,34.782608,10,17
8b0a205d-522f-49af-9f47-1b171a3b7605,backend/src/routes/devices-updates/types.ts,backend,8,24.242424,14,21
938f2ccc-af36-4d9e-ae22-64a47a089184,src/Components/HomePage/Body/Left/Common/ResultTab/PointsList.tsx,HomePage,6,11.320755,33,38
938f2ccc-af36-4d9e-ae22-64a47a089184,src/Components/HomePage/Body/Left/Common/ResultTab/PointsListEdit.tsx,HomePage,6,16.216217,44,49
938f2ccc-af36-4d9e-ae22-64a47a089184,src/hooks/resultTab/useResultTabStarredPointActions.ts,hooks,6,23.076923,35,40
940f8a0e-e361-4b4a-8e54-f0bb7e856df0,backend/src/helpers/queries/points/pointSqlBuilders.ts,backend,8,16,29,36
940f8a0e-e361-4b4a-8e54-f0bb7e856df0,backend/src/helpers/queries/geometries/updateGeometryPoints.ts,backend,8,17.391304,30,37
96805428-dd4c-4796-a895-117ce672b557,src/Components/HomePage/Body/Left/Voorbereiding/FlightPlan/helpers/parsePointImportFile.ts,HomePage,6,5.940594,24,29
96805428-dd4c-4796-a895-117ce672b557,src/helpers/ZustandStates/popUpState.ts,helpers,6,15.789474,6,11
96805428-dd4c-4796-a895-117ce672b557,src/hooks/zustand/tools/useDeletePointState.ts,hooks,6,5.6603775,101,106
96be4e50-5d6b-4cb0-a40d-234766ffcddc,src/Components/HomePage/Body/Left/Voorbereiding/FlightPlan/Common/SelectButtons.tsx,HomePage,8,19.512196,34,43
96be4e50-5d6b-4cb0-a40d-234766ffcddc,src/Components/HomePage/Body/Left/Voorbereiding/AddPointsVluchtPlan/Common/SelectButtons.tsx,HomePage,8,17.777779,43,52
9c67f6d0-d280-4b46-8800-81c084104113,src/Components/HomePage/Body/Left/Voorbereiding/EnrichedAddPoint/helpers/getDistanceInMeters.ts,HomePage,6,40,2,7
9c67f6d0-d280-4b46-8800-81c084104113,src/helpers/getDistanceMeters.ts,helpers,6,40,2,7
9c67f6d0-d280-4b46-8800-81c084104113,src/Components/HomePage/Body/Left/Voorbereiding/EnrichedAddPoint/index.tsx,HomePage,6,8.1081085,40,45
9e2ea709-90f4-49c6-8a1b-df601277f914,src/Components/HomePage/Body/Left/Nabewerking/VluchtenZoeken/Steps/Step2/Actions/Waarnemingen/EditPointDetails/Actions/EditPointCoordinates/pointMapGraphics.ts,HomePage,8,7.4766355,90,98
9e2ea709-90f4-49c6-8a1b-df601277f914,src/Components/HomePage/Body/Left/Nabewerking/VluchtenZoeken/Steps/Step2/Actions/Waarnemingen/EditPointDetails/Actions/EditPointCoordinates/pointMapGraphics.ts,HomePage,8,7.4766355,113,121
af4643b9-f8e4-4e1c-a242-0ad951726b54,src/Components/HomePage/Body/Left/Voorbereiding/FlightPlan/Common/SelectButtons.tsx,HomePage,8,19.512196,20,29
af4643b9-f8e4-4e1c-a242-0ad951726b54,src/Components/HomePage/Body/Left/Voorbereiding/AddPointsVluchtPlan/Common/SelectButtons.tsx,HomePage,8,17.777779,26,35
b8133884-d80b-48dd-8b00-44e049c79d59,src/Components/HomePage/Body/Left/Nabewerking/CreateReport/helpers/pdfReportTables.ts,HomePage,6,8,14,19
b8133884-d80b-48dd-8b00-44e049c79d59,src/Components/HomePage/Body/Left/Nabewerking/CreateReport/helpers/pdfReportTables.ts,HomePage,6,8,47,52
b8133884-d80b-48dd-8b00-44e049c79d59,src/Components/HomePage/Body/Left/Nabewerking/CreateReport/helpers/pdfReportTables.ts,HomePage,6,8,83,88
bcedbfb6-5504-4dab-a647-98bfed9944c0,src/Components/HomePage/Body/Left/Common/SearchedResultsTab/FlightPlans/FlightPlansList/DropDown.tsx,HomePage,8,7.5471697,102,110
bcedbfb6-5504-4dab-a647-98bfed9944c0,src/Components/HomePage/Body/Left/Common/SearchedResultsTab/Functions/ListPointsFunctions/index.tsx,HomePage,8,7.8431373,102,110
c08a36ac-e8a1-46c2-9c61-cc66660681ac,src/Types/devices.ts,Types,8,34.782608,1,8
c08a36ac-e8a1-46c2-9c61-cc66660681ac,backend/src/routes/devices-updates/types.ts,backend,8,24.242424,1,8
c6ffd818-bc50-4be1-8a35-b2295702e863,src/Components/HomePage/Body/Left/Nabewerking/CreateReport/helpers/pdfReportTables.ts,HomePage,8,10.666667,47,55
c6ffd818-bc50-4be1-8a35-b2295702e863,src/Components/HomePage/Body/Left/Nabewerking/CreateReport/helpers/pdfReportTables.ts,HomePage,8,10.666667,83,91
c87fdec7-0078-45f0-b9f6-97ff8c4d2f5d,src/Components/HomePage/Body/Left/Voorbereiding/ViewPlan/Steps/EditPoint/Buttons/index.tsx,HomePage,8,66.666664,7,15
c87fdec7-0078-45f0-b9f6-97ff8c4d2f5d,src/Components/HomePage/Body/Left/Voorbereiding/ViewPlan/Steps/EditPoint/Buttons/Submit.tsx,HomePage,8,22.857143,7,15
cddd0948-5375-4dab-ac81-99b5d70a5ff7,src/Components/HomePage/Body/Left/Common/SearchedResultsTab/Functions/GroupFunctions.tsx,HomePage,8,4.4692736,22,30
cddd0948-5375-4dab-ac81-99b5d70a5ff7,src/Components/HomePage/Body/Left/Common/SearchedResultsTab/Functions/PointsBuffer.tsx,HomePage,8,22.857143,10,18
d0c828c0-ede2-41f5-b3e5-5f3c62eb11c3,src/Components/HomePage/Body/Left/Tools/AandachtspuntenVerwijderen/Actions/ViewPlans/PlanInformation.tsx,HomePage,8,100,5,14
d0c828c0-ede2-41f5-b3e5-5f3c62eb11c3,src/Components/HomePage/Body/Left/Voorbereiding/SelectedPoint/ViewPlans/PlanInformation.tsx,HomePage,8,80,7,16
d81dee54-f0aa-4397-afcb-c27d3e19bdc5,src/Components/HomePage/Body/Left/Voorbereiding/TemplateFlight/PointsList.tsx,HomePage,8,10.38961,54,62
d81dee54-f0aa-4397-afcb-c27d3e19bdc5,src/Components/HomePage/Body/Left/Voorbereiding/AddPointsVluchtPlan/Common/PointsList.tsx,HomePage,8,19.512196,54,62
d9a7c3ca-4c61-4095-8ded-e668ab6226d8,src/Components/HomePage/Body/Left/Voorbereiding/TemplateFlight/templateFlightStates.ts,HomePage,6,15.789474,5,12
d9a7c3ca-4c61-4095-8ded-e668ab6226d8,src/hooks/zustand/useAddPointStates.ts,hooks,6,20,5,12
d9a7c3ca-4c61-4095-8ded-e668ab6226d8,src/hooks/zustand/voorbereiding/useFlightPlanState.ts,hooks,6,7.6923075,35,42
e6ff0ccc-44c5-4995-b473-94dc073d9738,src/Components/HomePage/Body/Left/Nabewerking/CreateReport/Steps/Step1/SinglePlan.tsx,HomePage,8,26.666666,12,20
e6ff0ccc-44c5-4995-b473-94dc073d9738,src/Components/HomePage/Body/Left/Voorbereiding/RemoveFlightPlan/SinglePlan.tsx,HomePage,8,38.095238,19,28
f4395e70-4f99-42a1-88ab-3e4fcff491a4,src/Components/HomePage/Body/Left/Voorbereiding/AddPointsVluchtPlan/Step3/index.tsx,HomePage,8,38.095238,9,17
f4395e70-4f99-42a1-88ab-3e4fcff491a4,src/Components/HomePage/Body/Left/Voorbereiding/AddPointsVluchtPlan/Step2/index.tsx,HomePage,8,38.095238,9,17
f8c628ba-89e3-4232-9b1d-33275e0f583a,backend/src/routes/points/editPointStatus.ts,backend,8,36.363636,6,14
f8c628ba-89e3-4232-9b1d-33275e0f583a,backend/src/routes/flightPlans/updateFlightPlanStatus.ts,backend,8,50,6,14
013ce5e9-fcac-41d3-93c8-ba904d6498b6,src/Components/HomePage/Body/Bottom/ClickedTableFunctions/PointsList.tsx,HomePage,8,4.494382,182,189
013ce5e9-fcac-41d3-93c8-ba904d6498b6,src/Components/HomePage/Body/Bottom/ClickedTableFunctions/PointsList.tsx,HomePage,8,4.494382,212,219
01480fb1-d0f3-4575-bdf3-3b5ab40c49c6,src/Components/HomePage/Body/Left/Voorbereiding/ViewPlan/helpers/usePlanDuplicateState.ts,HomePage,8,17.391304,56,63
01480fb1-d0f3-4575-bdf3-3b5ab40c49c6,src/hooks/zustand/voorbereiding/useViewPlanState.ts,hooks,8,12.307693,81,88
0334f7bc-ed09-4932-b498-38fb7db89585,backend/scripts/verifyRegioFlightPlanCases.ts,backend,6,3.4482758,164,169
0334f7bc-ed09-4932-b498-38fb7db89585,backend/scripts/verifyRegioFlightPlanCases.ts,backend,6,3.4482758,218,223
0334f7bc-ed09-4932-b498-38fb7db89585,backend/scripts/verifyRegioFlightPlanCases.ts,backend,6,3.4482758,244,249
08042dd3-4184-4447-a566-bdd913adb57b,src/Components/HomePage/Body/Left/Voorbereiding/FlightPlan/helpers/parsePointImportFile.ts,HomePage,8,7.920792,24,31
08042dd3-4184-4447-a566-bdd913adb57b,src/helpers/ZustandStates/popUpState.ts,helpers,8,21.052631,6,13
0e17bdac-296e-4195-b4eb-e552440cff80,src/Components/HomePage/Body/Left/Tools/AandachtspuntenVerwijderen/Actions/AddToPlan/Step1.tsx,HomePage,8,72.72727,6,15
0e17bdac-296e-4195-b4eb-e552440cff80,src/Components/HomePage/Body/Left/Voorbereiding/SelectedPoint/AddToPlan/Step1.tsx,HomePage,8,19.047619,6,15
0e6151bc-7012-4315-8e8c-a7bf061206fa,src/Components/HomePage/Body/Left/Common/AandachtspuntDetailsFields.tsx,HomePage,6,12.765958,13,18
0e6151bc-7012-4315-8e8c-a7bf061206fa,src/hooks/zustand/useDrawingStore.ts,hooks,6,15.789474,16,21
0e6151bc-7012-4315-8e8c-a7bf061206fa,src/hooks/zustand/useEnrichedPointState.ts,hooks,6,6.122449,32,39
10107730-9663-40ee-9ce4-0cd804d138ff,src/helpers/tokens/ArcGISUserToken.ts,helpers,6,8.219178,58,63
10107730-9663-40ee-9ce4-0cd804d138ff,src/helpers/refreshToken.ts,helpers,6,15,11,16
10107730-9663-40ee-9ce4-0cd804d138ff,src/helpers/refreshToken.ts,helpers,6,15,25,30
1ddb37ab-2814-4a24-b5fa-68ecf1b7854d,src/Components/HomePage/Body/Bottom/PointsView/common/hooks/useTableScrollWidth.ts,HomePage,8,17.391304,15,22
1ddb37ab-2814-4a24-b5fa-68ecf1b7854d,src/Components/HomePage/Body/Bottom/PointsView/common/hooks/useTableScrollWidth.ts,HomePage,8,17.391304,50,57
205dad76-81fd-4f4a-b12e-545b0532ebae,src/Components/HomePage/Body/Left/Voorbereiding/EnrichedAddPoint/Steps/Step3/Form.tsx,HomePage,8,28.571428,13,21
205dad76-81fd-4f4a-b12e-545b0532ebae,src/Components/HomePage/Body/Left/Voorbereiding/ViewPlan/Steps/AddPointStep/Steps/Step3/Form.tsx,HomePage,8,44.444443,18,26
267f6af6-fe89-4cf6-a75c-f1eced48b77f,src/helpers/tokens/ArcGISUserToken.ts,helpers,8,10.958904,34,41
267f6af6-fe89-4cf6-a75c-f1eced48b77f,src/helpers/refreshToken.ts,helpers,8,20,10,17
38dccb7b-1272-48ea-a531-b0a2dec098de,src/Components/HomePage/Body/Left/Voorbereiding/ViewPlan/Steps/AddPointStep/index.tsx,HomePage,8,9.302325,62,69
38dccb7b-1272-48ea-a531-b0a2dec098de,src/Components/HomePage/Body/Left/Voorbereiding/EnrichedAddPoint/index.tsx,HomePage,8,10.810811,87,94
3a798735-e326-4f48-b090-aca6e4389fb1,src/Components/HomePage/Body/Left/Voorbereiding/ViewPlan/Steps/AddPointStep/Steps/Step2/index.tsx,HomePage,8,16.666666,28,35
3a798735-e326-4f48-b090-aca6e4389fb1,src/Components/HomePage/Body/Left/Voorbereiding/EnrichedAddPoint/Steps/Step2/UpdateBtn.tsx,HomePage,8,22.857143,15,22
3c2f1f7b-baa3-4adc-8431-157493d7da55,src/Types/index.ts,Types,6,4.316547,31,36
3c2f1f7b-baa3-4adc-8431-157493d7da55,src/hooks/flightPlan/populateFormFromPlan.ts,hooks,6,26.086956,4,9
3c2f1f7b-baa3-4adc-8431-157493d7da55,src/hooks/flightPlan/usePopulateFlightPlanFormEffect.ts,hooks,6,18.75,28,33
574950ff-59f5-43d9-a045-04b76cc34392,src/Components/HomePage/Body/Right/SelectedPlansPointsList/Common/useGeometryPlanImages.ts,HomePage,8,16,19,29
574950ff-59f5-43d9-a045-04b76cc34392,src/Components/HomePage/Body/Right/SelectedPlansPointsList/Common/usePointPlanImages.ts,HomePage,8,13.793103,28,38
6245d6c5-1321-40e1-a59b-ea8e991eb1f5,src/Components/HomePage/Body/Left/Voorbereiding/TemplateFlight/templateFlightStates.ts,HomePage,8,21.052631,33,40
6245d6c5-1321-40e1-a59b-ea8e991eb1f5,src/hooks/zustand/voorbereiding/useFlightPlanState.ts,hooks,8,10.256411,73,80
6a084580-ab7d-4e3e-8bf2-648e4e5999fa,src/Components/DashboardPage/ResetPassword/index.tsx,DashboardPage,8,17.021276,67,85
6a084580-ab7d-4e3e-8bf2-648e4e5999fa,src/Components/DashboardPage/EditUser/index.tsx,DashboardPage,8,11.428572,105,123
82fe3e99-bd05-41af-baff-556b83e76c7a,backend/src/routes/timeslider/getGeometryPlanImages.ts,backend,6,42.857143,5,10
82fe3e99-bd05-41af-baff-556b83e76c7a,backend/src/routes/timeslider/getPointPlanImages.ts,backend,6,42.857143,5,10
858d4625-5910-4f48-94b6-372c2f45feb2,src/Components/HomePage/Body/Left/Common/SearchedResultsTab/FlightPlans/FlightPlansList/ClickedPlan.tsx,HomePage,7,21.875,18,25
858d4625-5910-4f48-94b6-372c2f45feb2,src/Components/HomePage/Body/Left/Common/SearchedResultsTab/FlightPlans/FlightPlanDetails/DropDown.tsx,HomePage,7,18.918919,36,43
8598b0e6-d0ba-499b-b969-8347e9a1e942,src/Components/HomePage/Body/Left/Voorbereiding/FlightPlan/Common/GeometriesList.tsx,HomePage,7,7.8651686,159,166
8598b0e6-d0ba-499b-b969-8347e9a1e942,src/hooks/viewPlan/useMapPointSelectionClick.ts,hooks,7,30.434782,24,33
87600092-25de-467a-ac42-c503d2a275cf,src/Components/HomePage/Body/Left/Common/SearchedResultsTab/Functions/ListPointsFunctions/index.tsx,HomePage,7,6.8627453,91,99
87600092-25de-467a-ac42-c503d2a275cf,src/Components/HomePage/Body/Bottom/ClickedTableFunctions/PointsList.tsx,HomePage,7,3.9325843,171,179
8d158493-af55-4a4c-917b-813322008656,src/Components/HomePage/Body/Left/Voorbereiding/AddPointsVluchtPlan/Common/PointsList.tsx,HomePage,6,14.634147,36,47
8d158493-af55-4a4c-917b-813322008656,src/hooks/viewPlan/useMapPointSelectionClick.ts,hooks,6,26.086956,28,39
9045f2a1-0872-4f04-8652-d0d093ea001f,src/Components/HomePage/Body/Left/Voorbereiding/FlightPlan/Common/PointsList.tsx,HomePage,7,20.588236,11,18
9045f2a1-0872-4f04-8652-d0d093ea001f,src/Components/HomePage/Body/Left/Voorbereiding/AddPointsVluchtPlan/Common/PointsList.tsx,HomePage,7,17.073172,11,18
964e60c5-4280-4ce3-91fd-b1898ab0e7b1,backend/src/routes/template_plans/createTemplateFlightPlan.ts,backend,6,20,11,29
964e60c5-4280-4ce3-91fd-b1898ab0e7b1,backend/src/routes/template_plans/createTemplateName.ts,backend,6,35.294117,10,25
974360fe-5b4b-4b7a-9dc6-ef06d394681e,src/Components/HomePage/Body/Left/Nabewerking/CreateReport/Steps/Step2/hooks/useRenderGeometries.ts,HomePage,7,12.962963,34,44
974360fe-5b4b-4b7a-9dc6-ef06d394681e,src/Components/HomePage/Body/Left/Nabewerking/VluchtenZoeken/hooks/useRenderPlanGeometries.ts,HomePage,7,25.925926,43,53
98f55343-ab3b-457c-ad0b-3369f8c28627,src/Components/HomePage/Body/Left/Voorbereiding/FlightPlan/Steps/Step1/TemplateFlights/index.tsx,HomePage,6,11.320755,20,25
98f55343-ab3b-457c-ad0b-3369f8c28627,src/api-hooks/templateFlights/types.ts,api-hooks,6,50,4,9
a18b9982-058f-4714-8496-d3b765f57bba,backend/scripts/verifyRegioPointsGeometries.ts,backend,6,8.695652,14,19
a18b9982-058f-4714-8496-d3b765f57bba,backend/scripts/verifyRegioPointsGeometries.ts,backend,6,8.695652,38,43
a332b6fb-a9ac-44af-87c9-9a340bb5a249,backend/src/routes/reportUpload.ts,backend,6,6.521739,82,87
a332b6fb-a9ac-44af-87c9-9a340bb5a249,backend/src/routes/reportUpload.ts,backend,6,6.521739,123,128
a4f2c7dd-e103-42a0-ad50-2c7338deea91,src/hooks/popUpModal/usePopupController.ts,hooks,6,8.450705,34,40
a4f2c7dd-e103-42a0-ad50-2c7338deea91,src/hooks/popUpModal/usePopupController.ts,hooks,6,8.450705,60,66
a76fd47a-4e92-4a61-b889-b8914762a163,src/helpers/ArcGISHelpers/createGeometryMapGraphics.ts,helpers,6,6.382979,54,60
a76fd47a-4e92-4a61-b889-b8914762a163,src/Components/HomePage/Body/Left/Voorbereiding/ViewPlan/Steps/Step2/index.tsx,HomePage,6,7.2289157,120,126
afd1fb52-8247-42c9-bab8-c2693ae2bb75,src/Components/HomePage/Body/Left/Voorbereiding/DrawingTool/Step2/Buttons.tsx,HomePage,6,11.320755,20,25
afd1fb52-8247-42c9-bab8-c2693ae2bb75,src/Components/HomePage/Body/Left/Voorbereiding/DrawingTool/Step2/Buttons.tsx,HomePage,6,11.320755,61,66
b1c84b3c-1413-4978-999e-dcbc03c4ed8c,src/helpers/ArcGISHelpers/createPin.ts,helpers,6,15.384615,25,30
b1c84b3c-1413-4978-999e-dcbc03c4ed8c,src/helpers/timeslider/selectedPlansPointsList.ts,helpers,6,4.137931,130,135
b4c3919d-0352-4456-a96a-15b0bcb00e24,src/Components/HomePage/Body/Left/Common/SearchedResultsTab/Functions/GroupFunctions.tsx,HomePage,7,3.9106145,104,112
b4c3919d-0352-4456-a96a-15b0bcb00e24,src/Components/HomePage/Body/Left/Common/ResultTab/ListPointsFunctions/index.tsx,HomePage,7,7.8651686,118,126
b72b04eb-27b4-43ff-ab65-71b6f8d8d555,src/hooks/filters/usePlansFilterStore.ts,hooks,7,26.923077,9,18
b72b04eb-27b4-43ff-ab65-71b6f8d8d555,src/hooks/filters/usePointsFilterStore.ts,hooks,7,22.580645,12,21
c0439d0c-c9bb-4bdc-96ac-49f17f198460,src/Components/HomePage/Body/Left/Common/BottomTabs/KaartlagenlijstTab.tsx,HomePage,7,43.75,6,14
c0439d0c-c9bb-4bdc-96ac-49f17f198460,src/Components/HomePage/Body/Left/Common/BottomTabs/SearchedTab.tsx,HomePage,7,43.75,6,15
ca55656a-3db3-48b6-a277-1dcbb1c3fb65,backend/src/routes/emails/deleteSingleEmail.ts,backend,6,22.222221,23,30
ca55656a-3db3-48b6-a277-1dcbb1c3fb65,backend/src/routes/emails/updateSingleEmail.ts,backend,6,22.222221,23,30
cf27af59-258e-47fb-98f8-0b0d3138eb39,src/helpers/points/buildPointUpdatePayload.ts,helpers,7,15.217391,4,10
cf27af59-258e-47fb-98f8-0b0d3138eb39,backend/src/helpers/validators/finishedPlan.ts,backend,7,10.606061,38,44
cfb97207-cb57-4fc0-90b2-a43a3b81e192,src/Components/HomePage/Body/Left/Common/SearchedResultsTab/FlightPlans/FlightPlansList/DropDown.tsx,HomePage,7,6.6037736,47,55
cfb97207-cb57-4fc0-90b2-a43a3b81e192,src/Components/HomePage/Body/Left/Common/SearchedResultsTab/Functions/ListPointsFunctions/index.tsx,HomePage,7,6.8627453,31,39
d1122514-d63e-421a-a5c1-0f0c3424523a,src/Components/HomePage/Body/Left/Nabewerking/CreateReport/helpers/useHandleStep2/processGeometry.ts,HomePage,7,7.2916665,26,32
d1122514-d63e-421a-a5c1-0f0c3424523a,src/Components/HomePage/Body/Left/Nabewerking/CreateReport/helpers/useHandleStep2/processPoint.ts,HomePage,7,7.5268817,22,28
d1fc684b-fc06-48c1-849c-92109344af97,src/hooks/popUpModal/setupClickListener.ts,hooks,6,9.523809,17,22
d1fc684b-fc06-48c1-849c-92109344af97,src/hooks/popUpModal/usePopupController.ts,hooks,6,8.450705,44,49
d91183a7-0b78-43ee-ae85-4342a184c138,src/Components/HomePage/Body/Left/Common/SearchedResultsTab/Points/PointDetails.tsx,HomePage,6,85.71429,7,14
d91183a7-0b78-43ee-ae85-4342a184c138,src/Components/HomePage/Body/Left/Common/ResultTab/PointDetails.tsx,HomePage,6,25,8,15
ded0a86a-d255-44af-bb76-14db744ef2c4,src/Components/HomePage/Body/Left/Nabewerking/CreateReport/Steps/Step2/index.tsx,HomePage,6,12.5,28,37
ded0a86a-d255-44af-bb76-14db744ef2c4,src/Components/HomePage/Body/Left/Nabewerking/VluchtenZoeken/hooks/useFilterPlanPoints.ts,HomePage,6,60,13,22
e0fa65f8-277a-47ec-b690-e28378ccc728,src/hooks/zustand/nabewerking/useChangePlanStatusState.ts,hooks,7,14,43,52
e0fa65f8-277a-47ec-b690-e28378ccc728,src/hooks/zustand/nabewerking/useCreateReportState.ts,hooks,7,11.111111,55,64
e1b63d38-01ee-4f24-93a6-96142b8536a5,src/Components/HomePage/Body/Left/Common/KaartLegend/LayersList/Overig/Section2.tsx,HomePage,6,25,7,14
e1b63d38-01ee-4f24-93a6-96142b8536a5,src/Components/HomePage/Body/Left/Common/KaartLegend/LayersList/Overig/Section4.tsx,HomePage,6,13.043478,9,16
e74ba67b-212b-4b96-b126-fdfc31f769fd,src/Components/HomePage/Body/Left/Voorbereiding/SelectedPoint/EditPointDetails/Steps/Step2/Step2Sub2.tsx,HomePage,6,15,8,15
e74ba67b-212b-4b96-b126-fdfc31f769fd,src/Components/HomePage/Body/Left/Tools/AandachtspuntenVerwijderen/Actions/EditPointDetails/Steps/Step2/Step2Sub2.tsx,HomePage,6,13.333333,9,16
e78eebf1-7b74-481e-8a39-490ddfe8f145,src/Components/HomePage/Body/Left/Common/SearchedResultsTab/Points/DropDown.tsx,HomePage,6,7.5,44,50
e78eebf1-7b74-481e-8a39-490ddfe8f145,src/Components/HomePage/Body/Left/Common/SearchedResultsTab/FlightPlans/FlightPlansList/DropDown.tsx,HomePage,6,5.6603775,49,55
e8c7412e-aff5-4f0f-bbd1-b35df477a5f1,src/Components/HomePage/Body/Left/Nabewerking/CreateReport/helpers/useHandleStep2/processGeometry.ts,HomePage,7,7.2916665,127,135
e8c7412e-aff5-4f0f-bbd1-b35df477a5f1,src/Components/HomePage/Body/Left/Nabewerking/CreateReport/helpers/useHandleStep2/processPoint.ts,HomePage,7,7.5268817,114,122
eb5c8ded-4f4f-4df4-b592-446133e279cc,backend/src/helpers/queries/finished-plans/buildFinishedPlanQuery.ts,backend,6,3.7267082,66,71
eb5c8ded-4f4f-4df4-b592-446133e279cc,backend/src/helpers/queries/finished-plans/buildFinishedPlanQuery.ts,backend,6,3.7267082,105,110
ec713658-5105-400f-b4f1-05ebee1441ce,src/Components/HomePage/Body/Left/Voorbereiding/FlightPlan/Common/GeometriesList.tsx,HomePage,7,7.8651686,41,47
ec713658-5105-400f-b4f1-05ebee1441ce,src/Components/HomePage/Body/Left/Common/PointItemCheckBox.tsx,HomePage,7,9.589041,104,110
ed947076-aec7-4f71-b87b-3cd64823e4f2,backend/src/routes/consts/getLuchtvaartuig.ts,backend,6,66.666664,5,10
ed947076-aec7-4f71-b87b-3cd64823e4f2,backend/src/routes/consts/getOrganisaties.ts,backend,6,60,5,10
f2616e40-6dc7-4689-85a6-9e86a814c2a4,src/Components/HomePage/Body/Left/Nabewerking/CreateReport/Steps/Step2/hooks/useRenderGeometries.ts,HomePage,6,11.111111,24,31
f2616e40-6dc7-4689-85a6-9e86a814c2a4,src/Components/HomePage/Body/Left/Nabewerking/CreateReport/Steps/Step2/hooks/useRenderGeometries.ts,HomePage,6,11.111111,53,60
f31912b8-d86c-4a10-8374-d5c8326027f2,src/Components/HomePage/Body/Left/Voorbereiding/ViewPlan/Steps/AddPointToPlan/index.tsx,HomePage,7,9.722222,59,67
f31912b8-d86c-4a10-8374-d5c8326027f2,src/Components/HomePage/Body/Left/Voorbereiding/AddPointsVluchtPlan/Common/StepContent.tsx,HomePage,7,6.6666665,108,115
fbd1eba6-50e2-4ec5-ae7d-9fbcd297366e,src/Components/HomePage/Body/Left/Nabewerking/VluchtenZoeken/Steps/Step2/Actions/Waarnemingen/EditPointDetails/Actions/Form/index.tsx,HomePage,6,9.090909,13,20
fbd1eba6-50e2-4ec5-ae7d-9fbcd297366e,src/Components/HomePage/Body/Left/Nabewerking/VluchtenZoeken/Steps/Step2/Actions/Waarnemingen/EditGeometryDetails/Actions/Form/index.tsx,HomePage,6,6.3157897,15,22
fc14d888-9cf1-46ba-9df0-928343eef4ab,src/Components/HomePage/Body/Bottom/ClickedTableFunctions/PointsList.tsx,HomePage,7,3.9325843,170,176
fc14d888-9cf1-46ba-9df0-928343eef4ab,src/Components/HomePage/Body/Bottom/ClickedTableFunctions/PointsList.tsx,HomePage,7,3.9325843,198,204
00c44233-f10b-4621-9a0c-9164479ee420,src/helpers/ArcGISHelpers/createPin.ts,helpers,6,15.384615,21,28
00c44233-f10b-4621-9a0c-9164479ee420,src/helpers/ArcGISHelpers/createYellowBorder.ts,helpers,6,37.5,10,17
167dbd29-a7c5-41ac-9741-53cb45779c3b,src/Components/DashboardPage/AddUser/index.tsx,DashboardPage,6,10.526316,46,52
167dbd29-a7c5-41ac-9741-53cb45779c3b,src/Components/DashboardPage/EditUser/index.tsx,DashboardPage,6,8.571428,52,58
169bd88a-df7d-437a-bdf2-ef9628b6600e,src/Components/HomePage/Body/Left/Voorbereiding/EnrichedAddPoint/index.tsx,HomePage,6,8.1081085,69,78
169bd88a-df7d-437a-bdf2-ef9628b6600e,src/Components/HomePage/Body/Left/Voorbereiding/EnrichedAddPoint/Steps/Step2/NextBtn.tsx,HomePage,6,13.636364,36,45
177a233d-bddd-4619-b509-02534da941c4,src/Components/HomePage/Body/Left/Nabewerking/VluchtenZoeken/Steps/Step1/Content/Buttons.tsx,HomePage,6,17.647058,45,50
177a233d-bddd-4619-b509-02534da941c4,src/Components/HomePage/Body/Left/Tools/EditGeometry/index.tsx,HomePage,6,3.9215686,81,86
1787be4a-a69c-46c8-a312-309dd6f9beba,src/Components/HomePage/Body/Left/Voorbereiding/ViewPlan/Steps/AddPointToPlan/helpers/drawYellowPlanGraphics.ts,HomePage,6,13.953488,61,69
1787be4a-a69c-46c8-a312-309dd6f9beba,src/Components/HomePage/Body/Left/Voorbereiding/ViewPlan/Steps/Step2/index.tsx,HomePage,6,7.2289157,77,85
196519b1-a87d-4276-a250-220f1b45d7df,src/Components/HomePage/Body/Left/Nabewerking/ChangeFlightPlanStatus/FlightPlan.tsx,HomePage,7,38.88889,24,32
196519b1-a87d-4276-a250-220f1b45d7df,src/Components/HomePage/Body/Left/Voorbereiding/ReuseFlightPlan/Steps/Step1/SinglePlan.tsx,HomePage,7,36.842106,26,34
1afaa978-c01b-471b-9340-f5329a65467c,index.html,Root files,6,31.578947,6,11
1afaa978-c01b-471b-9340-f5329a65467c,public/index.html,public,6,33.333332,6,11
22448eed-937f-4ba0-9902-ee89dde8d40b,src/Components/HomePage/Body/Left/Voorbereiding/ReuseFlightPlan/Steps/Step2/CurrentGeometriesList.tsx,HomePage,7,21.212122,45,67
22448eed-937f-4ba0-9902-ee89dde8d40b,src/Components/HomePage/Body/Left/Voorbereiding/ReuseFlightPlan/Steps/Step2/NewGeometriesList.tsx,HomePage,7,24.137932,38,56
2e9a8e6e-29bf-47e4-b08a-b61406e625e4,src/Components/HomePage/Body/Left/Common/SearchedResultsTab/Points/DropDown.tsx,HomePage,7,8.75,96,105
2e9a8e6e-29bf-47e4-b08a-b61406e625e4,src/Components/HomePage/Body/Left/Common/SearchedResultsTab/FlightPlans/FlightPlansList/DropDown.tsx,HomePage,7,6.6037736,106,115
2fab6676-4bae-40d0-b3e1-145cd0cfe2ea,src/Components/HomePage/Body/Left/Common/FiltersSection/FilterInput.tsx,HomePage,6,35.294117,10,15
2fab6676-4bae-40d0-b3e1-145cd0cfe2ea,src/Components/HomePage/Body/Left/Common/FormComponents/InputComp.tsx,HomePage,6,42.857143,11,16
37ff4a04-ad14-4cfb-b289-34ee1bcc8ff4,src/helpers/ArcGISHelpers/createPlanBoundingBoxGraphic.ts,helpers,7,6.8627453,120,129
37ff4a04-ad14-4cfb-b289-34ee1bcc8ff4,src/Components/HomePage/Body/Bottom/ClickedTableFunctions/PointsList.tsx,HomePage,7,3.9325843,50,59
4057a568-239a-40b5-beaf-0423cf4ce82e,src/Components/HomePage/Body/Left/Nabewerking/CreateReport/helpers/useHandleStep2/types.ts,HomePage,6,13.636364,34,39
4057a568-239a-40b5-beaf-0423cf4ce82e,src/Components/HomePage/Body/Left/Nabewerking/CreateReport/helpers/useHandleStep2/types.ts,HomePage,6,13.636364,51,56
417e9061-e480-42e6-8c16-becbc7678ecc,src/Components/HomePage/Body/Left/Common/ResultTab/PointsList.tsx,HomePage,6,11.320755,48,54
417e9061-e480-42e6-8c16-becbc7678ecc,src/Components/HomePage/Body/Bottom/PointsView/common/hooks/useClickOutside.ts,HomePage,6,37.5,8,14
4273a98f-240d-4a3a-9546-0f79b7a5bcae,src/Components/HomePage/Body/Left/Tools/EditGeometry/ActionButtons.tsx,HomePage,6,75,5,11
4273a98f-240d-4a3a-9546-0f79b7a5bcae,src/Components/HomePage/Body/Left/Tools/EditGeometry/SingleGeometry.tsx,HomePage,6,54.545456,8,14
4704b931-c096-4c82-a1f2-f10e8efd3f93,src/Components/DashboardPage/AllUsersTable/index.tsx,DashboardPage,7,9.333333,10,16
4704b931-c096-4c82-a1f2-f10e8efd3f93,src/Components/DashboardPage/shared/keycloakRoleTypes.ts,DashboardPage,7,38.88889,12,18
491f626a-c150-423c-8a25-55bd0630de21,src/Types/installer.ts,Types,6,85.71429,2,7
491f626a-c150-423c-8a25-55bd0630de21,backend/src/routes/installers.ts,backend,6,5.8252425,14,19
4f24ebb6-6f26-4c76-969b-898afe1624a3,src/Components/HomePage/Body/Left/Voorbereiding/TemplateFlight/Steps/Step2/Buttons.tsx,HomePage,7,14.285714,15,21
4f24ebb6-6f26-4c76-969b-898afe1624a3,src/Components/HomePage/Body/Left/Voorbereiding/FlightPlan/Steps/Step2/Buttons.tsx,HomePage,7,18.918919,17,23
4f9ef0c7-db4b-48ef-bda0-f681d4ba39b8,src/utils/useCreateData.ts,utils,7,10.9375,67,73
4f9ef0c7-db4b-48ef-bda0-f681d4ba39b8,src/utils/useUpdateData.ts,utils,7,13.725491,49,55
50634678-3afe-4d70-bb34-d7f1fcd81624,src/utils/useCreateData.ts,utils,7,10.9375,88,94
50634678-3afe-4d70-bb34-d7f1fcd81624,src/utils/useUpdateData.ts,utils,7,13.725491,69,75
50849372-2f60-4a31-b519-17a821010502,src/Components/HomePage/Body/Left/Voorbereiding/AddPointsVluchtPlan/Step2/index.tsx,HomePage,6,28.571428,21,26
50849372-2f60-4a31-b519-17a821010502,src/Components/HomePage/Body/Left/Voorbereiding/AddPointsVluchtPlan/Step3/index.tsx,HomePage,6,28.571428,21,26
55499a5c-60c0-4068-b9a4-d1bdf2e5f2d7,backend/src/routes/fileDownload.ts,backend,7,9.859155,65,74
55499a5c-60c0-4068-b9a4-d1bdf2e5f2d7,backend/src/routes/fileDownload.ts,backend,7,9.859155,92,101
55c50b47-e289-4594-820c-292d11182cc8,src/Components/HomePage/Body/Left/Voorbereiding/ViewPlan/Steps/Step2/helpers/buildUpdatedPlanFromForm.ts,HomePage,6,8.695652,6,11
55c50b47-e289-4594-820c-292d11182cc8,src/hooks/zustand/shared/flightPlanFormFields.ts,hooks,6,10.344828,2,7
5aad6c29-a3e0-4f83-9d12-cec935427ae0,src/Components/HomePage/Body/Bottom/PointsView/FlightPlansTable/index.tsx,HomePage,7,8.139535,106,117
5aad6c29-a3e0-4f83-9d12-cec935427ae0,src/Components/HomePage/Body/Left/Common/SearchedResultsTab/FlightPlans/FlightPlansList/List.tsx,HomePage,7,10.9375,55,66
63f541ef-e69c-40c8-80ed-122e36b308a6,src/Components/HomePage/Body/Left/Nabewerking/CreateReport/Steps/Step1/Buttons.tsx,HomePage,7,20.588236,11,18
63f541ef-e69c-40c8-80ed-122e36b308a6,src/Components/HomePage/Body/Left/Nabewerking/CreateReport/Steps/Step2/Buttons.tsx,HomePage,7,9.210526,16,23
71937ef3-4a18-4f23-8662-84f95087e5cf,src/Components/HomePage/Body/Left/Nabewerking/CreateReport/helpers/useHandleStep2/processGeometry.ts,HomePage,6,6.25,84,89
71937ef3-4a18-4f23-8662-84f95087e5cf,src/Components/HomePage/Body/Left/Nabewerking/CreateReport/helpers/useHandleStep2/processPoint.ts,HomePage,6,6.451613,72,77
73c0633b-ac20-45d6-aa30-364b7e7c28d2,src/Components/HomePage/Body/Left/Voorbereiding/ReuseFlightPlan/Steps/Step2/FormInputs.tsx,HomePage,7,19.444445,28,34
73c0633b-ac20-45d6-aa30-364b7e7c28d2,src/Components/HomePage/Body/Left/Voorbereiding/FlightPlan/Steps/Step1/index.tsx,HomePage,7,26.923077,27,33
769a4f20-86a6-4bb3-be8c-eff0683a6fe3,src/Components/HomePage/Body/Left/Common/SearchedResultsTab/Points/DropDown.tsx,HomePage,7,8.75,44,51
769a4f20-86a6-4bb3-be8c-eff0683a6fe3,src/Components/HomePage/Body/Left/Common/SearchedResultsTab/Functions/ListPointsFunctions/index.tsx,HomePage,7,6.8627453,33,40
7885ab43-c150-48d8-b742-b84494bdecbc,src/Components/HomePage/Body/Left/Common/FiltersSection/FilterInput.tsx,HomePage,6,35.294117,2,7
7885ab43-c150-48d8-b742-b84494bdecbc,src/Components/HomePage/Body/Left/Common/FormComponents/InputComp.tsx,HomePage,6,42.857143,4,9
78bf68ca-5edb-4a9d-90d3-7bf4e4bf9957,src/Components/HomePage/Body/Left/Voorbereiding/ViewPlan/Steps/AddPointToPlan/helpers/drawYellowPlanGraphics.ts,HomePage,6,13.953488,32,38
78bf68ca-5edb-4a9d-90d3-7bf4e4bf9957,src/Components/HomePage/Body/Left/Voorbereiding/ViewPlan/Steps/AddPointsFromPlan/SelectFromSource/helpers/selectFromSourceGraphics.ts,HomePage,6,5.504587,107,113
7e2565bd-87e0-4354-bbe8-588e4f104ba6,src/Components/HomePage/Body/Bottom/ClickedTableFunctions/PlansList.tsx,HomePage,6,16.666666,25,33
7e2565bd-87e0-4354-bbe8-588e4f104ba6,src/Components/HomePage/Body/Bottom/ClickedTableFunctions/PointsList.tsx,HomePage,6,3.3707864,29,36
7f9535ec-c29e-49c7-900a-4a880035c1ba,src/Components/HomePage/Body/Left/Voorbereiding/ViewPlan/Steps/Step2/helpers/buildUpdatedPlanFromForm.ts,HomePage,6,8.695652,44,49
7f9535ec-c29e-49c7-900a-4a880035c1ba,src/Components/HomePage/Body/Left/Voorbereiding/ViewPlan/Steps/Step2/helpers/buildUpdatedPlanFromForm.ts,HomePage,6,8.695652,70,75
