WorkPackageID,Status,Severity,Description,Occurrences,RedundantLOC,Locations
DUP-01,RAW,HIGH,10 lines occurring 7 times in 5 files,7,60,"src/Components/HomePage/Body/Left/Voorbereiding/ViewPlan/Steps/DuplicateFlightPlan/Step2/Buttons.tsx#L24:33,src/Components/HomePage/Body/Left/Voorbereiding/FlightPlan/Steps/Step3/Buttons.tsx#L43:52,src/Components/HomePage/Body/Left/Voorbereiding/ViewPlan/Steps/DuplicateFlightPlan/Step2/Buttons.tsx#L44:53,src/Components/HomePage/Body/Left/Voorbereiding/ReuseFlightPlan/Steps/Step2/Buttons.tsx#L57:66"
DUP-01,RAW,HIGH,9 lines occurring 12 times in 7 files,12,99,"src/Components/HomePage/Body/Left/Nabewerking/VluchtenZoeken/Steps/Step2/Actions/EditFlight/Buttons.tsx#L18:26,src/Components/HomePage/Body/Left/Voorbereiding/ReuseFlightPlan/Steps/Step2/Buttons.tsx#L24:32,src/Components/HomePage/Body/Left/Voorbereiding/ViewPlan/Steps/DuplicateFlightPlan/Step2/Buttons.tsx#L25:33,src/Components/HomePage/Body/Left/Voorbereiding/ViewPlan/Steps/Step2/Buttons.tsx#L29:3"
DUP-01,RAW,HIGH,11 lines occurring 4 times in 4 files,4,33,"src/Components/HomePage/Body/Left/Voorbereiding/ViewPlan/Steps/DuplicateFlightPlan/Step2/Buttons.tsx#L43:53,src/Components/HomePage/Body/Left/Voorbereiding/ReuseFlightPlan/Steps/Step2/Buttons.tsx#L56:66,src/Components/HomePage/Body/Left/Voorbereiding/FlightPlan/Steps/Step3/Buttons.tsx#L88:98,src/Components/HomePage/Body/Left/Voorbereiding/FlightPlan/Steps/Step1/TemplateFlights/index.tsx#L93:103"
DUP-01,RAW,HIGH,12 lines occurring 3 times in 2 files,3,24,"src/Components/HomePage/Body/Left/Voorbereiding/SelectedPoint/EditPointDetails/Steps/Step2/index.tsx#L39:50,src/Components/HomePage/Body/Left/Voorbereiding/SelectedPoint/EditPointDetails/Steps/Step1.tsx#L50:61,src/Components/HomePage/Body/Left/Voorbereiding/SelectedPoint/EditPointDetails/Steps/Step1.tsx#L79:90"
DUP-01,RAW,HIGH,12 lines occurring 3 times in 3 files,3,24,"src/Components/HomePage/Body/Left/Voorbereiding/ViewPlan/Steps/DuplicateFlightPlan/Step2/Buttons.tsx#L42:53,src/Components/HomePage/Body/Left/Voorbereiding/FlightPlan/Steps/Step3/Buttons.tsx#L87:98,src/Components/HomePage/Body/Left/Voorbereiding/FlightPlan/Steps/Step1/TemplateFlights/index.tsx#L92:103"
DUP-01,RAW,HIGH,12 lines occurring 3 times in 2 files,3,24,"src/Components/HomePage/Body/Bottom/PointsView/index.tsx#L84:95,src/Components/HomePage/Body/Bottom/PointsView/common/hooks/useMapGraphics.ts#L27:38,src/Components/HomePage/Body/Bottom/PointsView/common/hooks/useMapGraphics.ts#L88:99"
DUP-01,RAW,HIGH,22 lines occurring 2 times in 2 files,2,22,"src/Components/HomePage/Body/Left/Common/SearchedResultsTab/FlightPlans/FlightPlansList/DropDown.tsx#L144:177,src/Components/HomePage/Body/Left/Common/SearchedResultsTab/Functions/GroupFunctions.tsx#L209:242"
DUP-02,RAW,HIGH,21 lines occurring 2 times in 2 files,2,21,"src/Components/HomePage/Body/Left/Nabewerking/VluchtenZoeken/Steps/Step2/Actions/EditFlight/FormElements.tsx#L14:35,src/Components/HomePage/Body/Left/Voorbereiding/ReuseFlightPlan/Steps/Step2/FormInputs.tsx#L13:34"
DUP-01,RAW,HIGH,10 lines occurring 3 times in 3 files,3,20,"src/Components/HomePage/Body/Left/Common/AandachtspuntDetailsFields.tsx#L39:48,src/Components/HomePage/Body/Left/Voorbereiding/EnrichedAddPoint/Steps/Step3/Form.tsx#L9:18,src/Components/HomePage/Body/Left/Voorbereiding/DrawingTool/Step2/Form.tsx#L9:18"
DUP-01,RAW,HIGH,20 lines occurring 2 times in 2 files,2,20,"src/Components/HomePage/Body/Bottom/PlansView/Details/index.tsx#L26:76,src/hooks/useGetFlightTimesDistance.ts#L8:69"
DUP-01,RAW,HIGH,18 lines occurring 2 times in 2 files,2,18,"src/Components/HomePage/Body/Left/Voorbereiding/TemplateFlight/templateFlightStates.ts#L5:32,src/hooks/zustand/voorbereiding/useFlightPlanState.ts#L35:62"
DUP-02,RAW,HIGH,9 lines occurring 5 times in 5 files,5,36,"src/Components/HomePage/Body/Left/Voorbereiding/ViewPlan/Steps/Step1/Buttons.tsx#L21:29,src/Components/HomePage/Body/Left/Voorbereiding/ViewPlan/Steps/DuplicateFlightPlan/Step2/Form.tsx#L20:28,src/Components/HomePage/Body/Left/Nabewerking/VluchtenZoeken/Steps/Step2/Actions/EditFlight/FormElements.tsx#L39:47,src/Components/HomePage/Body/Left/Voorbereiding/ReuseFlightPlan/Steps/Step2/FormInputs.tsx#"
DUP-02,RAW,HIGH,18 lines occurring 2 times in 2 files,2,18,"src/Components/HomePage/Body/Left/Nabewerking/VluchtenZoeken/Steps/Step2/Actions/EditFlight/FormElements.tsx#L18:35,src/Components/HomePage/Body/Left/Voorbereiding/FlightPlan/Steps/Step1/index.tsx#L16:33"
DUP-01,RAW,HIGH,17 lines occurring 2 times in 2 files,2,17,"src/Components/HomePage/Body/Left/Voorbereiding/FlightPlan/Steps/Step3/Buttons.tsx#L85:103,src/Components/HomePage/Body/Left/Voorbereiding/FlightPlan/Steps/Step1/TemplateFlights/index.tsx#L90:108"
DUP-01,RAW,HIGH,17 lines occurring 2 times,2,17,"src/hooks/zustand/useEnrichedPointState.ts#L73:95,src/hooks/zustand/useEnrichedPointState.ts#L122:144"
DUP-01,RAW,HIGH,16 lines occurring 2 times in 2 files,2,16,"src/Components/HomePage/Body/Left/Tools/AandachtspuntenVerwijderen/Actions/EditPointDetails/Steps/Step1/Buttons.tsx#L29:51,src/Components/HomePage/Body/Left/Tools/AandachtspuntenVerwijderen/Actions/EditPointDetails/Steps/Step2/index.tsx#L36:58"
DUP-01,RAW,HIGH,16 lines occurring 2 times in 2 files,2,16,"src/Components/HomePage/Body/Left/Voorbereiding/SelectedPoint/EditPointDetails/Steps/Step2/Step2Sub1.tsx#L9:26,src/Components/HomePage/Body/Left/Tools/AandachtspuntenVerwijderen/Actions/EditPointDetails/Steps/Step2/Step2Sub1.tsx#L11:28"
DUP-01,RAW,HIGH,15 lines occurring 2 times in 2 files,2,15,"src/Components/HomePage/Body/Left/Common/SearchedResultsTab/FlightPlans/FlightPlansList/DropDown.tsx#L118:135,src/Components/HomePage/Body/Left/Common/SearchedResultsTab/Functions/GroupFunctions.tsx#L150:167"
DUP-01,RAW,HIGH,15 lines occurring 2 times in 2 files,2,15,"src/Components/HomePage/Body/Left/Voorbereiding/SelectedPoint/EditPointDetails/Steps/Step2/index.tsx#L38:52,src/Components/HomePage/Body/Left/Voorbereiding/SelectedPoint/EditPointDetails/Steps/Step1.tsx#L49:63"
DUP-07,RAW,HIGH,14 lines occurring 2 times in 2 files,2,14,"src/hooks/zustand/nabewerking/useFinishedPlansState.ts#L44:60,src/hooks/zustand/useReuseFlightPlan.ts#L40:56"
DUP-01,RAW,HIGH,14 lines occurring 2 times,2,14,"src/hooks/zustand/useEnrichedPointState.ts#L51:70,src/hooks/zustand/useEnrichedPointState.ts#L99:118"
DUP-01,RAW,HIGH,14 lines occurring 2 times,2,14,"backend/src/helpers/http/runReturningUpdate.ts#L41:57,backend/src/helpers/http/runReturningUpdate.ts#L87:103"
DUP-01,RAW,HIGH,14 lines occurring 2 times in 2 files,2,14,"src/Components/HomePage/Body/Left/Common/SearchedResultsTab/Points/DropDown.tsx#L109:128,src/Components/HomePage/Body/Left/Common/SearchedResultsTab/Functions/GroupFunctions.tsx#L182:201"
DUP-01,RAW,HIGH,14 lines occurring 2 times in 2 files,2,14,"src/Components/HomePage/Body/Left/Voorbereiding/EnrichedAddPoint/helpers/getDistanceInMeters.ts#L2:17,src/Components/HomePage/Body/Left/Voorbereiding/EnrichedAddPoint/index.tsx#L40:55"
DUP-01,RAW,HIGH,14 lines occurring 2 times in 2 files,2,14,"src/Components/HomePage/Body/Left/Voorbereiding/DrawingTool/Step2/Form.tsx#L5:18,src/Components/HomePage/Body/Left/Voorbereiding/EnrichedAddPoint/Steps/Step3/Form.tsx#L5:18"
DUP-01,RAW,HIGH,14 lines occurring 2 times in 2 files,2,14,"src/Components/HomePage/Body/Left/Common/SearchedResultsTab/Functions/GroupFunctions.tsx#L184:204,src/Components/HomePage/Body/Left/Common/ResultTab/ListPointsFunctions/index.tsx#L135:155"
DUP-01,RAW,HIGH,14 lines occurring 2 times in 2 files,2,14,"src/Components/HomePage/Body/Left/Voorbereiding/EnrichedAddPoint/Steps/Step3/Buttons.tsx#L39:52,src/Components/HomePage/Body/Left/Voorbereiding/ViewPlan/Steps/AddPointStep/Steps/Step3/Buttons.tsx#L48:62"
DUP-08,RAW,HIGH,14 lines occurring 2 times in 2 files,2,14,"src/Components/HomePage/Body/Left/Common/SearchedResultsTab/Functions/ListPointsFunctions/index.tsx#L132:146,src/Components/HomePage/Body/Bottom/ClickedTableFunctions/PointsList.tsx#L240:254"
DUP-01,RAW,HIGH,13 lines occurring 2 times in 2 files,2,13,"src/Components/HomePage/Body/Left/Nabewerking/VluchtenZoeken/Steps/Step2/Actions/Waarnemingen/EditPointDetails/Actions/EditPointCoordinates/index.tsx#L17:29,src/Components/HomePage/Body/Left/Nabewerking/VluchtenZoeken/Steps/Step2/Actions/Waarnemingen/EditPointDetails/Actions/EditPointCoordinates/useEditPointCoordinates.ts#L242:254"
DUP-01,RAW,HIGH,13 lines occurring 2 times in 2 files,2,13,"src/Components/HomePage/Body/Left/Common/SearchedResultsTab/Points/DropDown.tsx#L111:128,src/Components/HomePage/Body/Left/Common/ResultTab/ListPointsFunctions/index.tsx#L135:152"
DUP-01,RAW,HIGH,13 lines occurring 2 times in 2 files,2,13,"src/Components/HomePage/Body/Left/Common/SearchedResultsTab/FlightPlans/FlightPlanDetails/DropDown.tsx#L39:60,src/Components/HomePage/Body/Bottom/ClickedTableFunctions/PlansList.tsx#L38:59"
DUP-01,RAW,HIGH,13 lines occurring 2 times in 2 files,2,13,"src/Components/HomePage/Body/Left/Voorbereiding/DrawingTool/Step2/Form.tsx#L21:33,src/Components/HomePage/Body/Left/Voorbereiding/EnrichedAddPoint/Steps/Step3/Form.tsx#L21:33"
DUP-01,RAW,HIGH,13 lines occurring 2 times in 2 files,2,13,"src/Components/HomePage/Body/Left/Voorbereiding/ViewPlan/Steps/AddPointToPlan/index.tsx#L72:87,src/Components/HomePage/Body/Left/Voorbereiding/AddPointsVluchtPlan/Common/StepContent.tsx#L120:135"
DUP-01,RAW,HIGH,13 lines occurring 2 times in 2 files,2,13,"backend/src/helpers/queries/geometries/formatPlanGeometries.ts#L120:132,backend/src/routes/geometries/getGeometries.ts#L12:24"
DUP-08,RAW,HIGH,13 lines occurring 2 times in 2 files,2,13,"src/Components/HomePage/Body/Right/SelectedPlansPointsList/Common/useGeometryPlanImages.ts#L53:71,src/Components/HomePage/Body/Right/SelectedPlansPointsList/Common/usePointPlanImages.ts#L62:80"
DUP-08,RAW,HIGH,12 lines occurring 2 times in 2 files,2,12,"src/Components/HomePage/Body/Left/Voorbereiding/FlightPlan/Common/PointsList.tsx#L37:53,src/Components/HomePage/Body/Left/Voorbereiding/TemplateFlight/PointsList.tsx#L79:95"
DUP-01,RAW,HIGH,12 lines occurring 2 times,2,12,"src/Components/HomePage/Body/Left/Nabewerking/CreateReport/Steps/Step2/Buttons.tsx#L51:70,src/Components/HomePage/Body/Left/Nabewerking/CreateReport/Steps/Step2/Buttons.tsx#L96:115"
DUP-01,RAW,HIGH,12 lines occurring 2 times in 2 files,2,12,"src/Components/HomePage/Body/Left/Voorbereiding/ViewPlan/Steps/Step2/Form.tsx#L19:30,src/Components/HomePage/Body/Left/Voorbereiding/FlightPlan/Steps/Step1/index.tsx#L15:26"
DUP-08,RAW,HIGH,12 lines occurring 2 times in 2 files,2,12,"src/helpers/timeslider/flightPlansYellowHighlights.ts#L87:104,src/helpers/timeslider/selectedPlansPointsList.ts#L170:188"
DUP-08,RAW,HIGH,12 lines occurring 2 times in 2 files,2,12,"src/Components/HomePage/Body/Left/Common/SearchedResultsTab/Functions/ListPointsFunctions/index.tsx#L67:83,src/Components/HomePage/Body/Bottom/ClickedTableFunctions/PointsList.tsx#L116:132"
DUP-01,RAW,HIGH,11 lines occurring 2 times in 2 files,2,11,"src/Components/HomePage/Body/Left/Voorbereiding/ViewPlan/Steps/AddPointStep/Steps/Step2/index.tsx#L63:73,src/Components/HomePage/Body/Left/Voorbereiding/EnrichedAddPoint/Steps/Step2/useCoordinatesWatcher.ts#L17:27"
DUP-01,RAW,HIGH,11 lines occurring 2 times in 2 files,2,11,"src/helpers/points/buildPointUpdatePayload.ts#L43:53,src/Components/HomePage/Body/Left/Nabewerking/VluchtenZoeken/Steps/Step2/Actions/Waarnemingen/EditGeometryDetails/Actions/Form/index.tsx#L56:66"
DUP-01,RAW,HIGH,11 lines occurring 2 times in 2 files,2,11,"src/Components/HomePage/Body/Left/Nabewerking/VluchtenZoeken/Steps/Step1/Content/SinglePlan.tsx#L15:27,src/Components/HomePage/Body/Left/Voorbereiding/ReuseFlightPlan/Steps/Step1/SinglePlan.tsx#L20:32"
DUP-01,RAW,HIGH,11 lines occurring 2 times in 2 files,2,11,"src/Components/HomePage/Body/Left/Voorbereiding/AddPointsVluchtPlan/Common/Filter.tsx#L21:32,src/Components/HomePage/Body/Left/Voorbereiding/FlightPlan/Common/Filter.tsx#L28:39"
DUP-01,RAW,HIGH,11 lines occurring 2 times in 2 files,2,11,"src/Types/keycloakUser.ts#L1:11,backend/src/routes/keycloak/management/users/types.ts#L1:11"
DUP-01,RAW,HIGH,11 lines occurring 2 times in 2 files,2,11,"src/Components/HomePage/Body/Left/Common/FiltersSection/FilterSelect.tsx#L2:14,src/Components/HomePage/Body/Left/Common/FormComponents/SelectComp.tsx#L4:16"
DUP-01,RAW,HIGH,11 lines occurring 2 times in 2 files,2,11,"src/Components/HomePage/Body/Left/Nabewerking/CreateReport/Steps/Step1/index.tsx#L23:36,src/Components/HomePage/Body/Left/Nabewerking/VluchtenZoeken/hooks/useFilterAndSortPlans.ts#L22:35"
DUP-02,RAW,HIGH,11 lines occurring 2 times in 2 files,2,11,"src/Components/HomePage/Body/Left/Voorbereiding/ViewPlan/Steps/Step2/Form.tsx#L20:30,src/Components/HomePage/Body/Left/Nabewerking/VluchtenZoeken/Steps/Step2/Actions/EditFlight/FormElements.tsx#L18:28"
DUP-01,RAW,HIGH,11 lines occurring 2 times in 2 files,2,11,"src/Components/HomePage/Body/Left/Nabewerking/VluchtenZoeken/Steps/Step2/Actions/EditFlight/Buttons.tsx#L55:65,src/Components/HomePage/Body/Left/Voorbereiding/ViewPlan/Steps/EditPoint/Buttons/RemovePoint.tsx#L52:62"
DUP-08,RAW,HIGH,10 lines occurring 2 times,2,10,"src/Components/HomePage/Body/Bottom/ClickedTableFunctions/PointsList.tsx#L114:127,src/Components/HomePage/Body/Bottom/ClickedTableFunctions/PointsList.tsx#L146:158"
DUP-01,RAW,HIGH,10 lines occurring 2 times in 2 files,2,10,"src/Components/HomePage/Body/Left/Common/SearchedResultsTab/FlightPlans/FlightPlansList/DropDown.tsx#L82:95,src/Components/HomePage/Body/Left/Common/SearchedResultsTab/Functions/ListPointsFunctions/index.tsx#L65:78"
DUP-02,RAW,HIGH,10 lines occurring 2 times in 2 files,2,10,"src/Components/HomePage/Body/Left/Nabewerking/VluchtenZoeken/Steps/Step2/Actions/EditFlight/FormElements.tsx#L38:47,src/Components/HomePage/Body/Left/Voorbereiding/ReuseFlightPlan/Steps/Step2/FormInputs.tsx#L37:46"
DUP-01,RAW,HIGH,10 lines occurring 2 times in 2 files,2,10,"src/Components/HomePage/Body/Left/Voorbereiding/ViewPlan/Steps/DuplicateFlightPlan/Step2/Buttons.tsx#L25:34,src/Components/HomePage/Body/Left/Voorbereiding/ViewPlan/Steps/DuplicateFlightPlan/Step2/Form.tsx#L32:41"
DUP-08,RAW,HIGH,10 lines occurring 2 times in 2 files,2,10,"src/Components/HomePage/Body/Left/Common/SearchedResultsTab/Functions/ListPointsFunctions/index.tsx#L104:117,src/Components/HomePage/Body/Bottom/ClickedTableFunctions/PointsList.tsx#L183:196"
DUP-01,RAW,HIGH,10 lines occurring 2 times in 2 files,2,10,"src/Components/HomePage/Body/Left/Voorbereiding/ViewPlan/Steps/AddPointStep/Steps/Step3/Buttons.tsx#L100:115,src/Components/HomePage/Body/Left/Voorbereiding/ViewPlan/Steps/AddPointStep/index.tsx#L90:105"
DUP-01,RAW,HIGH,10 lines occurring 2 times in 2 files,2,10,"src/Components/HomePage/Body/Left/Voorbereiding/TemplateFlight/Steps/Step3/Buttons.tsx#L54:63,src/Components/HomePage/Body/Left/Voorbereiding/FlightPlan/Steps/Step3/Buttons.tsx#L57:66"
DUP-01,RAW,HIGH,10 lines occurring 2 times in 2 files,2,10,"src/helpers/ArcGISHelpers/bufferGraphics.ts#L31:42,src/Components/HomePage/Body/Left/Common/ResultTab/PointListBuffer.tsx#L30:41"
DUP-01,RAW,HIGH,10 lines occurring 2 times in 2 files,2,10,"src/Components/HomePage/Body/Left/Voorbereiding/TemplateFlight/Steps/Step2/index.tsx#L28:39,src/Components/HomePage/Body/Left/Voorbereiding/FlightPlan/Steps/Step2/index.tsx#L39:50"
DUP-08,RAW,HIGH,10 lines occurring 2 times in 2 files,2,10,"src/Components/HomePage/Body/Right/SelectedPlansPointsList/Common/useGeometryPlanImages.ts#L31:44,src/Components/HomePage/Body/Right/SelectedPlansPointsList/Common/usePointPlanImages.ts#L40:53"
DUP-01,RAW,HIGH,10 lines occurring 2 times in 2 files,2,10,"src/Components/HomePage/Body/Left/Voorbereiding/TemplateFlight/Steps/Step2/index.tsx#L40:54,src/Components/HomePage/Body/Left/Voorbereiding/TemplateFlight/Steps/Step3/index.tsx#L42:56"
DUP-01,RAW,HIGH,10 lines occurring 2 times in 2 files,2,10,"src/Components/HomePage/Body/Left/Common/AandachtspuntDetailsFields.tsx#L9:18,src/hooks/zustand/useDrawingStore.ts#L12:21"
DUP-01,RAW,HIGH,10 lines occurring 2 times in 2 files,2,10,"src/Components/HomePage/Body/Left/Voorbereiding/TemplateFlight/Steps/Step3/index.tsx#L30:41,src/Components/HomePage/Body/Left/Voorbereiding/FlightPlan/Steps/Step3/index.tsx#L36:47"
DUP-01,RAW,HIGH,10 lines occurring 2 times in 2 files,2,10,"src/Components/HomePage/Body/Left/Voorbereiding/ReuseFlightPlan/Common/Filter.tsx#L9:18,src/Components/HomePage/Body/Left/Voorbereiding/ViewPlan/Filter/index.tsx#L9:18"
DUP-01,RAW,HIGH,9 lines occurring 3 times in 3 files,3,18,"src/Components/HomePage/Head/Common/FilterTabs.tsx#L26:36,src/Components/HomePage/Body/Left/Common/TabHeader/index.tsx#L28:38,src/Components/HomePage/Body/Left/Common/FiltersSection/index.tsx#L51:61"
DUP-01,RAW,HIGH,9 lines occurring 3 times in 3 files,3,18,"src/Components/HomePage/Body/Left/Common/SearchedResultsTab/FlightPlans/FlightPlanDetails/DropDown.tsx#L63:114,src/Components/HomePage/Body/Left/Common/SearchedResultsTab/Points/DropDown.tsx#L132:262,src/Components/HomePage/Body/Left/Common/SearchedResultsTab/FlightPlans/FlightPlansList/DropDown.tsx#L180:310"
DUP-01,RAW,HIGH,9 lines occurring 3 times in 3 files,3,18,"src/Components/HomePage/Body/Bottom/PointsView/PointsTable/index.tsx#L45:54,src/Components/HomePage/Body/Bottom/PointsView/GeometriesTable/index.tsx#L49:58,src/Components/HomePage/Body/Bottom/PointsView/FlightPlansTable/index.tsx#L121:130"
DUP-08,RAW,HIGH,9 lines occurring 3 times in 2 files,3,18,"src/Components/HomePage/Body/Left/Common/SearchedResultsTab/FlightPlans/FlightPlansList/DropDown.tsx#L84:95,src/Components/HomePage/Body/Bottom/ClickedTableFunctions/PointsList.tsx#L116:127,src/Components/HomePage/Body/Bottom/ClickedTableFunctions/PointsList.tsx#L147:158"
DUP-07,RAW,HIGH,9 lines occurring 3 times in 3 files,3,18,"src/hooks/zustand/shared/flightPlanFormFields.ts#L26:34,src/hooks/zustand/nabewerking/useFinishedPlansState.ts#L44:52,src/hooks/zustand/useReuseFlightPlan.ts#L40:48"
DUP-01,RAW,HIGH,7 lines occurring 4 times in 4 files,4,21,"src/Components/HomePage/Body/Left/Voorbereiding/TemplateFlight/Steps/Step3/index.tsx#L31:37,src/Components/HomePage/Body/Left/Voorbereiding/FlightPlan/Steps/Step3/index.tsx#L37:43,src/Components/HomePage/Body/Left/Voorbereiding/FlightPlan/Common/SelectButtons.tsx#L20:26,src/Components/HomePage/Body/Left/Voorbereiding/AddPointsVluchtPlan/Common/SelectButtons.tsx#L26:32"
DUP-01,RAW,HIGH,7 lines occurring 4 times in 4 files,4,21,"src/Components/HomePage/Body/Left/Voorbereiding/TemplateFlight/Steps/Step2/index.tsx#L29:35,src/Components/HomePage/Body/Left/Voorbereiding/FlightPlan/Steps/Step2/index.tsx#L40:46,src/Components/HomePage/Body/Left/Voorbereiding/FlightPlan/Common/SelectButtons.tsx#L34:40,src/Components/HomePage/Body/Left/Voorbereiding/AddPointsVluchtPlan/Common/SelectButtons.tsx#L43:49"
DUP-01,RAW,HIGH,7 lines occurring 4 times in 4 files,4,21,"src/Components/HomePage/Body/Left/Voorbereiding/EnrichedAddPoint/Steps/Step2/CoordinatesInput.tsx#L12:18,src/Components/HomePage/Body/Left/Voorbereiding/ViewPlan/Steps/AddPointStep/Steps/Step2/index.tsx#L29:35,src/Components/HomePage/Body/Left/Voorbereiding/EnrichedAddPoint/Steps/Step2/UpdateBtn.tsx#L16:22,src/Components/HomePage/Body/Left/Voorbereiding/EnrichedAddPoint/Steps/Step2/useCoordinatesW"
DUP-01,RAW,HIGH,8 lines occurring 3 times in 2 files,3,16,"backend/src/helpers/queries/geometries/geometryJson.ts#L13:20,src/helpers/points/pointColumnKeys.ts#L2:9,src/helpers/points/pointColumnKeys.ts#L18:25"
DUP-08,RAW,HIGH,9 lines occurring 2 times in 2 files,2,9,"src/Components/HomePage/Body/Left/Common/SearchedResultsTab/Functions/ListPointsFunctions/index.tsx#L53:63,src/Components/HomePage/Body/Bottom/ClickedTableFunctions/PointsList.tsx#L102:112"
DUP-08,RAW,HIGH,9 lines occurring 2 times in 2 files,2,9,"src/Components/HomePage/Body/Left/Common/ResultTab/ListPointsFunctions/index.tsx#L98:108,src/Components/HomePage/Body/Bottom/ClickedTableFunctions/PointsList.tsx#L134:144"
DUP-08,RAW,HIGH,9 lines occurring 2 times in 2 files,2,9,"src/Components/HomePage/Body/Right/SelectedPlansPointsList/Images/SelectedPlanGeometryImagesPanel.tsx#L24:59,src/Components/HomePage/Body/Right/SelectedPlansPointsList/Images/SelectedPlanPointImagesPanel.tsx#L24:59"
DUP-01,RAW,HIGH,9 lines occurring 2 times in 2 files,2,9,"src/hooks/zustand/nabewerking/useChangePlanStatusState.ts#L24:37,src/hooks/zustand/nabewerking/useCreateReportState.ts#L33:46"
DUP-08,RAW,HIGH,9 lines occurring 2 times in 2 files,2,9,"src/Components/HomePage/Body/Left/Common/ResultTab/PointsList.tsx#L76:85,src/Components/HomePage/Body/Left/Common/ResultTab/PointsListEdit.tsx#L52:62"
DUP-01,RAW,HIGH,9 lines occurring 2 times in 2 files,2,9,"src/Components/HomePage/Head/Common/FilterTabs.tsx#L15:24,src/Components/HomePage/Body/Left/Common/TabHeader/index.tsx#L15:24"
DUP-08,RAW,HIGH,9 lines occurring 2 times in 2 files,2,9,"src/hooks/points/sortPointsWithSelectionOrder.ts#L8:20,src/hooks/viewPlan/useSortedPointSelection.ts#L9:21"
DUP-01,RAW,HIGH,9 lines occurring 2 times in 2 files,2,9,"src/Components/HomePage/Body/Left/Nabewerking/VluchtenZoeken/Steps/Step2/Actions/EditFlight/Buttons.tsx#L71:79,src/Components/HomePage/Body/Left/Voorbereiding/ViewPlan/Steps/EditPoint/Buttons/RemovePoint.tsx#L31:39"
DUP-01,RAW,HIGH,9 lines occurring 2 times in 2 files,2,9,"src/helpers/tokens/ArcGISUserToken.ts#L57:65,src/helpers/refreshToken.ts#L24:32"
DUP-01,RAW,HIGH,9 lines occurring 2 times in 2 files,2,9,"src/Components/HomePage/Body/Left/Voorbereiding/TemplateFlight/templateFlightStates.ts#L45:53,src/hooks/zustand/voorbereiding/useFlightPlanState.ts#L95:103"
DUP-01,RAW,HIGH,6 lines occurring 5 times in 5 files,5,24,"src/helpers/points/buildPointUpdatePayload.ts#L4:9,src/Types/finished_plans.ts#L31:36,backend/src/helpers/validators/finishedPlan.ts#L38:43,src/Types/index.ts#L5:10,src/helpers/points/pointColumnKeys.ts#L34:39"
DUP-07,RAW,HIGH,9 lines occurring 2 times in 2 files,2,9,"src/hooks/zustand/shared/flightPlanFormFields.ts#L41:49,src/hooks/zustand/voorbereiding/useFlightPlanState.ts#L86:94"
DUP-08,RAW,HIGH,9 lines occurring 2 times in 2 files,2,9,"src/Components/HomePage/Body/Bottom/ClickedTableFunctions/PlansList.tsx#L63:72,src/Components/HomePage/Body/Bottom/ClickedTableFunctions/PointsList.tsx#L71:80"
DUP-01,RAW,HIGH,9 lines occurring 2 times in 2 files,2,9,"src/Components/HomePage/Body/Left/Voorbereiding/SelectedPoint/AddToPlan/StepNo/Buttons.tsx#L8:18,src/Components/HomePage/Body/Left/Voorbereiding/SelectedPoint/AddToPlan/StepMultiplePoints/Buttons.tsx#L8:18"
DUP-01,RAW,HIGH,9 lines occurring 2 times in 2 files,2,9,"backend/src/routes/template_plans/createTemplateFlightPlan.ts#L50:59,backend/src/routes/template_plans/createTemplateName.ts#L29:38"
DUP-08,RAW,HIGH,9 lines occurring 2 times in 2 files,2,9,"src/Components/HomePage/Body/Left/Common/ResultTab/PointsList.tsx#L31:39,src/Components/HomePage/Body/Left/Common/ResultTab/PointsListEdit.tsx#L42:50"
DUP-01,RAW,HIGH,9 lines occurring 2 times in 2 files,2,9,"src/Components/HomePage/Body/Left/Voorbereiding/EnrichedAddPoint/Steps/Step2/CoordinatesInput.tsx#L12:22,src/Components/HomePage/Body/Left/Voorbereiding/EnrichedAddPoint/Steps/Step2/UpdateBtn.tsx#L16:26"
DUP-01,RAW,HIGH,9 lines occurring 2 times in 2 files,2,9,"src/hooks/filters/usePlansFilterStore.ts#L25:36,src/hooks/filters/usePointsFilterStore.ts#L31:42"
DUP-08,RAW,HIGH,6 lines occurring 5 times in 4 files,5,24,"src/Components/HomePage/Body/Left/Common/SearchedResultsTab/Points/DropDown.tsx#L75:82,src/Components/HomePage/Body/Left/Common/SearchedResultsTab/FlightPlans/FlightPlansList/DropDown.tsx#L84:91,src/Components/HomePage/Body/Left/Common/SearchedResultsTab/Functions/ListPointsFunctions/index.tsx#L67:74,src/Components/HomePage/Body/Bottom/ClickedTableFunctions/PointsList.tsx#L116:123,src/Components/H"
DUP-01,RAW,HIGH,9 lines occurring 2 times in 2 files,2,9,"src/Components/HomePage/Body/Left/Voorbereiding/TemplateFlight/Steps/Step2/index.tsx#L56:68,src/Components/HomePage/Body/Left/Voorbereiding/TemplateFlight/Steps/Step3/index.tsx#L58:70"
DUP-01,RAW,HIGH,9 lines occurring 2 times in 2 files,2,9,"src/Components/HomePage/Body/Left/Voorbereiding/ViewPlan/Steps/AddPointToPlan/Buttons.tsx#L28:38,src/Components/HomePage/Body/Left/Voorbereiding/ViewPlan/Steps/AddPointsFromPlan/SelectFromSource/index.tsx#L225:233"
DUP-01,RAW,HIGH,9 lines occurring 2 times,2,9,"backend/src/routes/devices-updates/db.ts#L98:106,backend/src/routes/devices-updates/db.ts#L116:124"
DUP-01,RAW,HIGH,7 lines occurring 3 times in 3 files,3,14,"src/Components/HomePage/Body/Left/Voorbereiding/EnrichedAddPoint/helpers/getDistanceInMeters.ts#L9:17,src/helpers/getDistanceMeters.ts#L9:16,src/Components/HomePage/Body/Left/Voorbereiding/EnrichedAddPoint/index.tsx#L47:55"
DUP-01,RAW,HIGH,7 lines occurring 3 times in 3 files,3,14,"src/Components/HomePage/Body/Left/Voorbereiding/ViewPlan/Steps/AddPointToPlan/index.tsx#L72:79,src/Components/HomePage/Body/Left/Voorbereiding/ViewPlan/Steps/AddPointsFromPlan/SelectFromSource/index.tsx#L105:112,src/Components/HomePage/Body/Left/Voorbereiding/AddPointsVluchtPlan/Common/StepContent.tsx#L120:127"
DUP-01,RAW,HIGH,7 lines occurring 3 times in 3 files,3,14,"src/Types/finished_plans.ts#L30:36,backend/src/helpers/validators/finishedPlan.ts#L37:43,src/Types/index.ts#L4:10"
DUP-01,RAW,HIGH,6 lines occurring 4 times in 3 files,4,18,"backend/src/helpers/queries/geometries/geometryJson.ts#L13:18,src/helpers/points/pointColumnKeys.ts#L2:7,src/helpers/points/pointColumnKeys.ts#L18:23,backend/src/helpers/queries/points/pointCoreColumns.ts#L2:7"
DUP-01,RAW,HIGH,7 lines occurring 3 times in 3 files,3,14,"src/Components/HomePage/Body/Left/Voorbereiding/ReuseFlightPlan/Common/Filter.tsx#L12:18,src/Components/HomePage/Body/Left/Voorbereiding/RemoveFlightPlan/Filter/index.tsx#L10:16,src/Components/HomePage/Body/Left/Voorbereiding/ViewPlan/Filter/index.tsx#L12:18"
DUP-08,RAW,HIGH,7 lines occurring 3 times in 2 files,3,14,"src/Components/HomePage/Body/Left/Common/SearchedResultsTab/FlightPlans/FlightPlansList/DropDown.tsx#L104:110,src/Components/HomePage/Body/Bottom/ClickedTableFunctions/PointsList.tsx#L183:189,src/Components/HomePage/Body/Bottom/ClickedTableFunctions/PointsList.tsx#L213:219"
DUP-02,RAW,HIGH,6 lines occurring 4 times in 4 files,4,18,"src/Components/HomePage/Body/Left/Voorbereiding/ViewPlan/Steps/Step2/Form.tsx#L31:36,src/Components/HomePage/Body/Left/Nabewerking/VluchtenZoeken/Steps/Step2/Actions/EditFlight/FormElements.tsx#L30:35,src/Components/HomePage/Body/Left/Voorbereiding/ReuseFlightPlan/Steps/Step2/FormInputs.tsx#L29:34,src/Components/HomePage/Body/Left/Voorbereiding/FlightPlan/Steps/Step1/index.tsx#L28:33"
DUP-01,RAW,HIGH,6 lines occurring 4 times in 4 files,4,18,"backend/src/routes/flightPlans/getAllFlightPlans.ts#L6:11,backend/src/routes/flightPlans/getFullPreparedFlightPlans.ts#L5:10,backend/src/routes/flightPlans/getPrepreparedFlightPlans.ts#L5:10,backend/src/routes/flightPlans/getUnPreparedPlans.ts#L5:10"
DUP-05,RAW,HIGH,6 lines occurring 4 times in 4 files,4,18,"src/Components/HomePage/Body/Left/Common/PeriodFilterPanel.tsx#L5:10,src/hooks/zustand/nabewerking/useChangePlanStatusState.ts#L24:31,src/hooks/zustand/nabewerking/useCreateReportState.ts#L33:40,src/hooks/zustand/nabewerking/useFinishedPlansState.ts#L29:36"
DUP-01,RAW,HIGH,7 lines occurring 3 times in 3 files,3,14,"src/helpers/ArcGISHelpers/createNewPointEvent.ts#L16:22,src/Components/HomePage/Body/Left/Voorbereiding/ViewPlan/Steps/AddPointStep/index.tsx#L63:69,src/Components/HomePage/Body/Left/Voorbereiding/EnrichedAddPoint/index.tsx#L88:94"
DUP-01,RAW,HIGH,6 lines occurring 3 times in 3 files,3,12,"src/Components/HomePage/Body/Left/Common/AandachtspuntDetailsFields.tsx#L43:48,src/Components/HomePage/Body/Left/Voorbereiding/DrawingTool/Step2/Form.tsx#L13:18,src/Components/HomePage/Body/Left/Voorbereiding/ViewPlan/Steps/AddPointStep/Steps/Step3/Form.tsx#L18:23"
DUP-01,RAW,HIGH,8 lines occurring 2 times in 2 files,2,8,"src/Types/devices.ts#L10:17,backend/src/routes/devices-updates/types.ts#L14:21"
DUP-08,RAW,HIGH,6 lines occurring 3 times in 3 files,3,12,"src/Components/HomePage/Body/Left/Common/ResultTab/PointsList.tsx#L33:38,src/Components/HomePage/Body/Left/Common/ResultTab/PointsListEdit.tsx#L44:49,src/hooks/resultTab/useResultTabStarredPointActions.ts#L35:40"
DUP-01,RAW,HIGH,8 lines occurring 2 times in 2 files,2,8,"backend/src/helpers/queries/points/pointSqlBuilders.ts#L29:36,backend/src/helpers/queries/geometries/updateGeometryPoints.ts#L30:37"
DUP-01,RAW,HIGH,6 lines occurring 3 times in 3 files,3,12,"src/Components/HomePage/Body/Left/Voorbereiding/FlightPlan/helpers/parsePointImportFile.ts#L24:29,src/helpers/ZustandStates/popUpState.ts#L6:11,src/hooks/zustand/tools/useDeletePointState.ts#L101:106"
DUP-01,RAW,HIGH,8 lines occurring 2 times in 2 files,2,8,"src/Components/HomePage/Body/Left/Voorbereiding/FlightPlan/Common/SelectButtons.tsx#L34:43,src/Components/HomePage/Body/Left/Voorbereiding/AddPointsVluchtPlan/Common/SelectButtons.tsx#L43:52"
DUP-01,RAW,HIGH,6 lines occurring 3 times in 3 files,3,12,"src/Components/HomePage/Body/Left/Voorbereiding/EnrichedAddPoint/helpers/getDistanceInMeters.ts#L2:7,src/helpers/getDistanceMeters.ts#L2:7,src/Components/HomePage/Body/Left/Voorbereiding/EnrichedAddPoint/index.tsx#L40:45"
DUP-01,RAW,HIGH,8 lines occurring 2 times,2,8,"src/Components/HomePage/Body/Left/Nabewerking/VluchtenZoeken/Steps/Step2/Actions/Waarnemingen/EditPointDetails/Actions/EditPointCoordinates/pointMapGraphics.ts#L90:98,src/Components/HomePage/Body/Left/Nabewerking/VluchtenZoeken/Steps/Step2/Actions/Waarnemingen/EditPointDetails/Actions/EditPointCoordinates/pointMapGraphics.ts#L113:121"
DUP-01,RAW,HIGH,8 lines occurring 2 times in 2 files,2,8,"src/Components/HomePage/Body/Left/Voorbereiding/FlightPlan/Common/SelectButtons.tsx#L20:29,src/Components/HomePage/Body/Left/Voorbereiding/AddPointsVluchtPlan/Common/SelectButtons.tsx#L26:35"
DUP-01,RAW,HIGH,6 lines occurring 3 times,3,12,"src/Components/HomePage/Body/Left/Nabewerking/CreateReport/helpers/pdfReportTables.ts#L14:19,src/Components/HomePage/Body/Left/Nabewerking/CreateReport/helpers/pdfReportTables.ts#L47:52,src/Components/HomePage/Body/Left/Nabewerking/CreateReport/helpers/pdfReportTables.ts#L83:88"
DUP-01,RAW,HIGH,8 lines occurring 2 times in 2 files,2,8,"src/Components/HomePage/Body/Left/Common/SearchedResultsTab/FlightPlans/FlightPlansList/DropDown.tsx#L102:110,src/Components/HomePage/Body/Left/Common/SearchedResultsTab/Functions/ListPointsFunctions/index.tsx#L102:110"
DUP-01,RAW,HIGH,8 lines occurring 2 times in 2 files,2,8,"src/Types/devices.ts#L1:8,backend/src/routes/devices-updates/types.ts#L1:8"
DUP-01,RAW,HIGH,8 lines occurring 2 times,2,8,"src/Components/HomePage/Body/Left/Nabewerking/CreateReport/helpers/pdfReportTables.ts#L47:55,src/Components/HomePage/Body/Left/Nabewerking/CreateReport/helpers/pdfReportTables.ts#L83:91"
DUP-01,RAW,HIGH,8 lines occurring 2 times in 2 files,2,8,"src/Components/HomePage/Body/Left/Voorbereiding/ViewPlan/Steps/EditPoint/Buttons/index.tsx#L7:15,src/Components/HomePage/Body/Left/Voorbereiding/ViewPlan/Steps/EditPoint/Buttons/Submit.tsx#L7:15"
DUP-04,RAW,HIGH,8 lines occurring 2 times in 2 files,2,8,"src/Components/HomePage/Body/Left/Common/SearchedResultsTab/Functions/GroupFunctions.tsx#L22:30,src/Components/HomePage/Body/Left/Common/SearchedResultsTab/Functions/PointsBuffer.tsx#L10:18"
DUP-01,RAW,HIGH,8 lines occurring 2 times in 2 files,2,8,"src/Components/HomePage/Body/Left/Tools/AandachtspuntenVerwijderen/Actions/ViewPlans/PlanInformation.tsx#L5:14,src/Components/HomePage/Body/Left/Voorbereiding/SelectedPoint/ViewPlans/PlanInformation.tsx#L7:16"
DUP-08,RAW,HIGH,8 lines occurring 2 times in 2 files,2,8,"src/Components/HomePage/Body/Left/Voorbereiding/TemplateFlight/PointsList.tsx#L54:62,src/Components/HomePage/Body/Left/Voorbereiding/AddPointsVluchtPlan/Common/PointsList.tsx#L54:62"
DUP-01,RAW,HIGH,6 lines occurring 3 times in 3 files,3,12,"src/Components/HomePage/Body/Left/Voorbereiding/TemplateFlight/templateFlightStates.ts#L5:12,src/hooks/zustand/useAddPointStates.ts#L5:12,src/hooks/zustand/voorbereiding/useFlightPlanState.ts#L35:42"
DUP-01,RAW,HIGH,8 lines occurring 2 times in 2 files,2,8,"src/Components/HomePage/Body/Left/Nabewerking/CreateReport/Steps/Step1/SinglePlan.tsx#L12:20,src/Components/HomePage/Body/Left/Voorbereiding/RemoveFlightPlan/SinglePlan.tsx#L19:28"
DUP-01,RAW,HIGH,8 lines occurring 2 times in 2 files,2,8,"src/Components/HomePage/Body/Left/Voorbereiding/AddPointsVluchtPlan/Step3/index.tsx#L9:17,src/Components/HomePage/Body/Left/Voorbereiding/AddPointsVluchtPlan/Step2/index.tsx#L9:17"
DUP-01,RAW,HIGH,8 lines occurring 2 times in 2 files,2,8,"backend/src/routes/points/editPointStatus.ts#L6:14,backend/src/routes/flightPlans/updateFlightPlanStatus.ts#L6:14"
DUP-08,RAW,HIGH,8 lines occurring 2 times,2,8,"src/Components/HomePage/Body/Bottom/ClickedTableFunctions/PointsList.tsx#L182:189,src/Components/HomePage/Body/Bottom/ClickedTableFunctions/PointsList.tsx#L212:219"
DUP-07,RAW,HIGH,8 lines occurring 2 times in 2 files,2,8,"src/Components/HomePage/Body/Left/Voorbereiding/ViewPlan/helpers/usePlanDuplicateState.ts#L56:63,src/hooks/zustand/voorbereiding/useViewPlanState.ts#L81:88"
DUP-01,RAW,HIGH,6 lines occurring 3 times,3,12,"backend/scripts/verifyRegioFlightPlanCases.ts#L164:169,backend/scripts/verifyRegioFlightPlanCases.ts#L218:223,backend/scripts/verifyRegioFlightPlanCases.ts#L244:249"
DUP-01,RAW,HIGH,8 lines occurring 2 times in 2 files,2,8,"src/Components/HomePage/Body/Left/Voorbereiding/FlightPlan/helpers/parsePointImportFile.ts#L24:31,src/helpers/ZustandStates/popUpState.ts#L6:13"
DUP-01,RAW,HIGH,8 lines occurring 2 times in 2 files,2,8,"src/Components/HomePage/Body/Left/Tools/AandachtspuntenVerwijderen/Actions/AddToPlan/Step1.tsx#L6:15,src/Components/HomePage/Body/Left/Voorbereiding/SelectedPoint/AddToPlan/Step1.tsx#L6:15"
DUP-01,RAW,HIGH,6 lines occurring 3 times in 3 files,3,12,"src/Components/HomePage/Body/Left/Common/AandachtspuntDetailsFields.tsx#L13:18,src/hooks/zustand/useDrawingStore.ts#L16:21,src/hooks/zustand/useEnrichedPointState.ts#L32:39"
DUP-01,RAW,HIGH,6 lines occurring 3 times in 2 files,3,12,"src/helpers/tokens/ArcGISUserToken.ts#L58:63,src/helpers/refreshToken.ts#L11:16,src/helpers/refreshToken.ts#L25:30"
DUP-01,RAW,HIGH,8 lines occurring 2 times,2,8,"src/Components/HomePage/Body/Bottom/PointsView/common/hooks/useTableScrollWidth.ts#L15:22,src/Components/HomePage/Body/Bottom/PointsView/common/hooks/useTableScrollWidth.ts#L50:57"
DUP-01,RAW,HIGH,8 lines occurring 2 times in 2 files,2,8,"src/Components/HomePage/Body/Left/Voorbereiding/EnrichedAddPoint/Steps/Step3/Form.tsx#L13:21,src/Components/HomePage/Body/Left/Voorbereiding/ViewPlan/Steps/AddPointStep/Steps/Step3/Form.tsx#L18:26"
DUP-01,RAW,HIGH,8 lines occurring 2 times in 2 files,2,8,"src/helpers/tokens/ArcGISUserToken.ts#L34:41,src/helpers/refreshToken.ts#L10:17"
DUP-01,RAW,HIGH,8 lines occurring 2 times in 2 files,2,8,"src/Components/HomePage/Body/Left/Voorbereiding/ViewPlan/Steps/AddPointStep/index.tsx#L62:69,src/Components/HomePage/Body/Left/Voorbereiding/EnrichedAddPoint/index.tsx#L87:94"
DUP-01,RAW,HIGH,8 lines occurring 2 times in 2 files,2,8,"src/Components/HomePage/Body/Left/Voorbereiding/ViewPlan/Steps/AddPointStep/Steps/Step2/index.tsx#L28:35,src/Components/HomePage/Body/Left/Voorbereiding/EnrichedAddPoint/Steps/Step2/UpdateBtn.tsx#L15:22"
DUP-01,RAW,HIGH,6 lines occurring 3 times in 3 files,3,12,"src/Types/index.ts#L31:36,src/hooks/flightPlan/populateFormFromPlan.ts#L4:9,src/hooks/flightPlan/usePopulateFlightPlanFormEffect.ts#L28:33"
DUP-08,RAW,HIGH,8 lines occurring 2 times in 2 files,2,8,"src/Components/HomePage/Body/Right/SelectedPlansPointsList/Common/useGeometryPlanImages.ts#L19:29,src/Components/HomePage/Body/Right/SelectedPlansPointsList/Common/usePointPlanImages.ts#L28:38"
DUP-01,RAW,HIGH,8 lines occurring 2 times in 2 files,2,8,"src/Components/HomePage/Body/Left/Voorbereiding/TemplateFlight/templateFlightStates.ts#L33:40,src/hooks/zustand/voorbereiding/useFlightPlanState.ts#L73:80"
DUP-06,RAW,HIGH,8 lines occurring 2 times in 2 files,2,8,"src/Components/DashboardPage/ResetPassword/index.tsx#L67:85,src/Components/DashboardPage/EditUser/index.tsx#L105:123"
DUP-01,RAW,HIGH,6 lines occurring 2 times in 2 files,2,6,"backend/src/routes/timeslider/getGeometryPlanImages.ts#L5:10,backend/src/routes/timeslider/getPointPlanImages.ts#L5:10"
DUP-01,RAW,HIGH,7 lines occurring 2 times in 2 files,2,7,"src/Components/HomePage/Body/Left/Common/SearchedResultsTab/FlightPlans/FlightPlansList/ClickedPlan.tsx#L18:25,src/Components/HomePage/Body/Left/Common/SearchedResultsTab/FlightPlans/FlightPlanDetails/DropDown.tsx#L36:43"
DUP-01,RAW,HIGH,7 lines occurring 2 times in 2 files,2,7,"src/Components/HomePage/Body/Left/Voorbereiding/FlightPlan/Common/GeometriesList.tsx#L159:166,src/hooks/viewPlan/useMapPointSelectionClick.ts#L24:33"
DUP-08,RAW,HIGH,7 lines occurring 2 times in 2 files,2,7,"src/Components/HomePage/Body/Left/Common/SearchedResultsTab/Functions/ListPointsFunctions/index.tsx#L91:99,src/Components/HomePage/Body/Bottom/ClickedTableFunctions/PointsList.tsx#L171:179"
DUP-08,RAW,HIGH,6 lines occurring 2 times in 2 files,2,6,"src/Components/HomePage/Body/Left/Voorbereiding/AddPointsVluchtPlan/Common/PointsList.tsx#L36:47,src/hooks/viewPlan/useMapPointSelectionClick.ts#L28:39"
DUP-08,RAW,HIGH,7 lines occurring 2 times in 2 files,2,7,"src/Components/HomePage/Body/Left/Voorbereiding/FlightPlan/Common/PointsList.tsx#L11:18,src/Components/HomePage/Body/Left/Voorbereiding/AddPointsVluchtPlan/Common/PointsList.tsx#L11:18"
DUP-01,RAW,HIGH,6 lines occurring 2 times in 2 files,2,6,"backend/src/routes/template_plans/createTemplateFlightPlan.ts#L11:29,backend/src/routes/template_plans/createTemplateName.ts#L10:25"
DUP-01,RAW,HIGH,7 lines occurring 2 times in 2 files,2,7,"src/Components/HomePage/Body/Left/Nabewerking/CreateReport/Steps/Step2/hooks/useRenderGeometries.ts#L34:44,src/Components/HomePage/Body/Left/Nabewerking/VluchtenZoeken/hooks/useRenderPlanGeometries.ts#L43:53"
DUP-01,RAW,HIGH,6 lines occurring 2 times in 2 files,2,6,"src/Components/HomePage/Body/Left/Voorbereiding/FlightPlan/Steps/Step1/TemplateFlights/index.tsx#L20:25,src/api-hooks/templateFlights/types.ts#L4:9"
DUP-01,RAW,HIGH,6 lines occurring 2 times,2,6,"backend/scripts/verifyRegioPointsGeometries.ts#L14:19,backend/scripts/verifyRegioPointsGeometries.ts#L38:43"
DUP-01,RAW,HIGH,6 lines occurring 2 times,2,6,"backend/src/routes/reportUpload.ts#L82:87,backend/src/routes/reportUpload.ts#L123:128"
DUP-01,RAW,HIGH,6 lines occurring 2 times,2,6,"src/hooks/popUpModal/usePopupController.ts#L34:40,src/hooks/popUpModal/usePopupController.ts#L60:66"
DUP-01,RAW,HIGH,6 lines occurring 2 times in 2 files,2,6,"src/helpers/ArcGISHelpers/createGeometryMapGraphics.ts#L54:60,src/Components/HomePage/Body/Left/Voorbereiding/ViewPlan/Steps/Step2/index.tsx#L120:126"
DUP-01,RAW,HIGH,6 lines occurring 2 times,2,6,"src/Components/HomePage/Body/Left/Voorbereiding/DrawingTool/Step2/Buttons.tsx#L20:25,src/Components/HomePage/Body/Left/Voorbereiding/DrawingTool/Step2/Buttons.tsx#L61:66"
DUP-08,RAW,HIGH,6 lines occurring 2 times in 2 files,2,6,"src/helpers/ArcGISHelpers/createPin.ts#L25:30,src/helpers/timeslider/selectedPlansPointsList.ts#L130:135"
DUP-01,RAW,HIGH,7 lines occurring 2 times in 2 files,2,7,"src/Components/HomePage/Body/Left/Common/SearchedResultsTab/Functions/GroupFunctions.tsx#L104:112,src/Components/HomePage/Body/Left/Common/ResultTab/ListPointsFunctions/index.tsx#L118:126"
DUP-01,RAW,HIGH,7 lines occurring 2 times in 2 files,2,7,"src/hooks/filters/usePlansFilterStore.ts#L9:18,src/hooks/filters/usePointsFilterStore.ts#L12:21"
DUP-01,RAW,HIGH,7 lines occurring 2 times in 2 files,2,7,"src/Components/HomePage/Body/Left/Common/BottomTabs/KaartlagenlijstTab.tsx#L6:14,src/Components/HomePage/Body/Left/Common/BottomTabs/SearchedTab.tsx#L6:15"
DUP-01,RAW,HIGH,6 lines occurring 2 times in 2 files,2,6,"backend/src/routes/emails/deleteSingleEmail.ts#L23:30,backend/src/routes/emails/updateSingleEmail.ts#L23:30"
DUP-01,RAW,HIGH,7 lines occurring 2 times in 2 files,2,7,"src/helpers/points/buildPointUpdatePayload.ts#L4:10,backend/src/helpers/validators/finishedPlan.ts#L38:44"
DUP-01,RAW,HIGH,7 lines occurring 2 times in 2 files,2,7,"src/Components/HomePage/Body/Left/Common/SearchedResultsTab/FlightPlans/FlightPlansList/DropDown.tsx#L47:55,src/Components/HomePage/Body/Left/Common/SearchedResultsTab/Functions/ListPointsFunctions/index.tsx#L31:39"
DUP-01,RAW,HIGH,7 lines occurring 2 times in 2 files,2,7,"src/Components/HomePage/Body/Left/Nabewerking/CreateReport/helpers/useHandleStep2/processGeometry.ts#L26:32,src/Components/HomePage/Body/Left/Nabewerking/CreateReport/helpers/useHandleStep2/processPoint.ts#L22:28"
DUP-01,RAW,HIGH,6 lines occurring 2 times in 2 files,2,6,"src/hooks/popUpModal/setupClickListener.ts#L17:22,src/hooks/popUpModal/usePopupController.ts#L44:49"
DUP-01,RAW,HIGH,6 lines occurring 2 times in 2 files,2,6,"src/Components/HomePage/Body/Left/Common/SearchedResultsTab/Points/PointDetails.tsx#L7:14,src/Components/HomePage/Body/Left/Common/ResultTab/PointDetails.tsx#L8:15"
DUP-01,RAW,HIGH,6 lines occurring 2 times in 2 files,2,6,"src/Components/HomePage/Body/Left/Nabewerking/CreateReport/Steps/Step2/index.tsx#L28:37,src/Components/HomePage/Body/Left/Nabewerking/VluchtenZoeken/hooks/useFilterPlanPoints.ts#L13:22"
DUP-01,RAW,HIGH,7 lines occurring 2 times in 2 files,2,7,"src/hooks/zustand/nabewerking/useChangePlanStatusState.ts#L43:52,src/hooks/zustand/nabewerking/useCreateReportState.ts#L55:64"
DUP-01,RAW,HIGH,6 lines occurring 2 times in 2 files,2,6,"src/Components/HomePage/Body/Left/Common/KaartLegend/LayersList/Overig/Section2.tsx#L7:14,src/Components/HomePage/Body/Left/Common/KaartLegend/LayersList/Overig/Section4.tsx#L9:16"
DUP-01,RAW,HIGH,6 lines occurring 2 times in 2 files,2,6,"src/Components/HomePage/Body/Left/Voorbereiding/SelectedPoint/EditPointDetails/Steps/Step2/Step2Sub2.tsx#L8:15,src/Components/HomePage/Body/Left/Tools/AandachtspuntenVerwijderen/Actions/EditPointDetails/Steps/Step2/Step2Sub2.tsx#L9:16"
DUP-01,RAW,HIGH,6 lines occurring 2 times in 2 files,2,6,"src/Components/HomePage/Body/Left/Common/SearchedResultsTab/Points/DropDown.tsx#L44:50,src/Components/HomePage/Body/Left/Common/SearchedResultsTab/FlightPlans/FlightPlansList/DropDown.tsx#L49:55"
DUP-01,RAW,HIGH,7 lines occurring 2 times in 2 files,2,7,"src/Components/HomePage/Body/Left/Nabewerking/CreateReport/helpers/useHandleStep2/processGeometry.ts#L127:135,src/Components/HomePage/Body/Left/Nabewerking/CreateReport/helpers/useHandleStep2/processPoint.ts#L114:122"
DUP-01,RAW,HIGH,6 lines occurring 2 times,2,6,"backend/src/helpers/queries/finished-plans/buildFinishedPlanQuery.ts#L66:71,backend/src/helpers/queries/finished-plans/buildFinishedPlanQuery.ts#L105:110"
DUP-01,RAW,HIGH,7 lines occurring 2 times in 2 files,2,7,"src/Components/HomePage/Body/Left/Voorbereiding/FlightPlan/Common/GeometriesList.tsx#L41:47,src/Components/HomePage/Body/Left/Common/PointItemCheckBox.tsx#L104:110"
DUP-01,RAW,HIGH,6 lines occurring 2 times in 2 files,2,6,"backend/src/routes/consts/getLuchtvaartuig.ts#L5:10,backend/src/routes/consts/getOrganisaties.ts#L5:10"
DUP-01,RAW,HIGH,6 lines occurring 2 times,2,6,"src/Components/HomePage/Body/Left/Nabewerking/CreateReport/Steps/Step2/hooks/useRenderGeometries.ts#L24:31,src/Components/HomePage/Body/Left/Nabewerking/CreateReport/Steps/Step2/hooks/useRenderGeometries.ts#L53:60"
DUP-01,RAW,HIGH,7 lines occurring 2 times in 2 files,2,7,"src/Components/HomePage/Body/Left/Voorbereiding/ViewPlan/Steps/AddPointToPlan/index.tsx#L59:67,src/Components/HomePage/Body/Left/Voorbereiding/AddPointsVluchtPlan/Common/StepContent.tsx#L108:115"
DUP-01,RAW,HIGH,6 lines occurring 2 times in 2 files,2,6,"src/Components/HomePage/Body/Left/Nabewerking/VluchtenZoeken/Steps/Step2/Actions/Waarnemingen/EditPointDetails/Actions/Form/index.tsx#L13:20,src/Components/HomePage/Body/Left/Nabewerking/VluchtenZoeken/Steps/Step2/Actions/Waarnemingen/EditGeometryDetails/Actions/Form/index.tsx#L15:22"
DUP-08,RAW,HIGH,7 lines occurring 2 times,2,7,"src/Components/HomePage/Body/Bottom/ClickedTableFunctions/PointsList.tsx#L170:176,src/Components/HomePage/Body/Bottom/ClickedTableFunctions/PointsList.tsx#L198:204"
DUP-01,RAW,HIGH,6 lines occurring 2 times in 2 files,2,6,"src/helpers/ArcGISHelpers/createPin.ts#L21:28,src/helpers/ArcGISHelpers/createYellowBorder.ts#L10:17"
DUP-06,RAW,HIGH,6 lines occurring 2 times in 2 files,2,6,"src/Components/DashboardPage/AddUser/index.tsx#L46:52,src/Components/DashboardPage/EditUser/index.tsx#L52:58"
DUP-01,RAW,HIGH,6 lines occurring 2 times in 2 files,2,6,"src/Components/HomePage/Body/Left/Voorbereiding/EnrichedAddPoint/index.tsx#L69:78,src/Components/HomePage/Body/Left/Voorbereiding/EnrichedAddPoint/Steps/Step2/NextBtn.tsx#L36:45"
DUP-01,RAW,HIGH,6 lines occurring 2 times in 2 files,2,6,"src/Components/HomePage/Body/Left/Nabewerking/VluchtenZoeken/Steps/Step1/Content/Buttons.tsx#L45:50,src/Components/HomePage/Body/Left/Tools/EditGeometry/index.tsx#L81:86"
DUP-01,RAW,HIGH,6 lines occurring 2 times in 2 files,2,6,"src/Components/HomePage/Body/Left/Voorbereiding/ViewPlan/Steps/AddPointToPlan/helpers/drawYellowPlanGraphics.ts#L61:69,src/Components/HomePage/Body/Left/Voorbereiding/ViewPlan/Steps/Step2/index.tsx#L77:85"
DUP-01,RAW,HIGH,7 lines occurring 2 times in 2 files,2,7,"src/Components/HomePage/Body/Left/Nabewerking/ChangeFlightPlanStatus/FlightPlan.tsx#L24:32,src/Components/HomePage/Body/Left/Voorbereiding/ReuseFlightPlan/Steps/Step1/SinglePlan.tsx#L26:34"
DUP-01,RAW,HIGH,6 lines occurring 2 times in 2 files,2,6,"index.html#L6:11,public/index.html#L6:11"
DUP-01,RAW,HIGH,7 lines occurring 2 times in 2 files,2,7,"src/Components/HomePage/Body/Left/Voorbereiding/ReuseFlightPlan/Steps/Step2/CurrentGeometriesList.tsx#L45:67,src/Components/HomePage/Body/Left/Voorbereiding/ReuseFlightPlan/Steps/Step2/NewGeometriesList.tsx#L38:56"
DUP-01,RAW,HIGH,7 lines occurring 2 times in 2 files,2,7,"src/Components/HomePage/Body/Left/Common/SearchedResultsTab/Points/DropDown.tsx#L96:105,src/Components/HomePage/Body/Left/Common/SearchedResultsTab/FlightPlans/FlightPlansList/DropDown.tsx#L106:115"
DUP-01,RAW,HIGH,6 lines occurring 2 times in 2 files,2,6,"src/Components/HomePage/Body/Left/Common/FiltersSection/FilterInput.tsx#L10:15,src/Components/HomePage/Body/Left/Common/FormComponents/InputComp.tsx#L11:16"
DUP-08,RAW,HIGH,7 lines occurring 2 times in 2 files,2,7,"src/helpers/ArcGISHelpers/createPlanBoundingBoxGraphic.ts#L120:129,src/Components/HomePage/Body/Bottom/ClickedTableFunctions/PointsList.tsx#L50:59"
DUP-01,RAW,HIGH,6 lines occurring 2 times,2,6,"src/Components/HomePage/Body/Left/Nabewerking/CreateReport/helpers/useHandleStep2/types.ts#L34:39,src/Components/HomePage/Body/Left/Nabewerking/CreateReport/helpers/useHandleStep2/types.ts#L51:56"
DUP-08,RAW,HIGH,6 lines occurring 2 times in 2 files,2,6,"src/Components/HomePage/Body/Left/Common/ResultTab/PointsList.tsx#L48:54,src/Components/HomePage/Body/Bottom/PointsView/common/hooks/useClickOutside.ts#L8:14"
DUP-01,RAW,HIGH,6 lines occurring 2 times in 2 files,2,6,"src/Components/HomePage/Body/Left/Tools/EditGeometry/ActionButtons.tsx#L5:11,src/Components/HomePage/Body/Left/Tools/EditGeometry/SingleGeometry.tsx#L8:14"
DUP-06,RAW,HIGH,7 lines occurring 2 times in 2 files,2,7,"src/Components/DashboardPage/AllUsersTable/index.tsx#L10:16,src/Components/DashboardPage/shared/keycloakRoleTypes.ts#L12:18"
DUP-01,RAW,HIGH,6 lines occurring 2 times in 2 files,2,6,"src/Types/installer.ts#L2:7,backend/src/routes/installers.ts#L14:19"
DUP-01,RAW,HIGH,7 lines occurring 2 times in 2 files,2,7,"src/Components/HomePage/Body/Left/Voorbereiding/TemplateFlight/Steps/Step2/Buttons.tsx#L15:21,src/Components/HomePage/Body/Left/Voorbereiding/FlightPlan/Steps/Step2/Buttons.tsx#L17:23"
DUP-01,RAW,HIGH,7 lines occurring 2 times in 2 files,2,7,"src/utils/useCreateData.ts#L67:73,src/utils/useUpdateData.ts#L49:55"
DUP-01,RAW,HIGH,7 lines occurring 2 times in 2 files,2,7,"src/utils/useCreateData.ts#L88:94,src/utils/useUpdateData.ts#L69:75"
DUP-01,RAW,HIGH,6 lines occurring 2 times in 2 files,2,6,"src/Components/HomePage/Body/Left/Voorbereiding/AddPointsVluchtPlan/Step2/index.tsx#L21:26,src/Components/HomePage/Body/Left/Voorbereiding/AddPointsVluchtPlan/Step3/index.tsx#L21:26"
DUP-01,RAW,HIGH,7 lines occurring 2 times,2,7,"backend/src/routes/fileDownload.ts#L65:74,backend/src/routes/fileDownload.ts#L92:101"
DUP-07,RAW,HIGH,6 lines occurring 2 times in 2 files,2,6,"src/Components/HomePage/Body/Left/Voorbereiding/ViewPlan/Steps/Step2/helpers/buildUpdatedPlanFromForm.ts#L6:11,src/hooks/zustand/shared/flightPlanFormFields.ts#L2:7"
DUP-01,RAW,HIGH,7 lines occurring 2 times in 2 files,2,7,"src/Components/HomePage/Body/Bottom/PointsView/FlightPlansTable/index.tsx#L106:117,src/Components/HomePage/Body/Left/Common/SearchedResultsTab/FlightPlans/FlightPlansList/List.tsx#L55:66"
DUP-01,RAW,HIGH,7 lines occurring 2 times in 2 files,2,7,"src/Components/HomePage/Body/Left/Nabewerking/CreateReport/Steps/Step1/Buttons.tsx#L11:18,src/Components/HomePage/Body/Left/Nabewerking/CreateReport/Steps/Step2/Buttons.tsx#L16:23"
DUP-01,RAW,HIGH,6 lines occurring 2 times in 2 files,2,6,"src/Components/HomePage/Body/Left/Nabewerking/CreateReport/helpers/useHandleStep2/processGeometry.ts#L84:89,src/Components/HomePage/Body/Left/Nabewerking/CreateReport/helpers/useHandleStep2/processPoint.ts#L72:77"
DUP-02,RAW,HIGH,7 lines occurring 2 times in 2 files,2,7,"src/Components/HomePage/Body/Left/Voorbereiding/ReuseFlightPlan/Steps/Step2/FormInputs.tsx#L28:34,src/Components/HomePage/Body/Left/Voorbereiding/FlightPlan/Steps/Step1/index.tsx#L27:33"
DUP-01,RAW,HIGH,7 lines occurring 2 times in 2 files,2,7,"src/Components/HomePage/Body/Left/Common/SearchedResultsTab/Points/DropDown.tsx#L44:51,src/Components/HomePage/Body/Left/Common/SearchedResultsTab/Functions/ListPointsFunctions/index.tsx#L33:40"
DUP-01,RAW,HIGH,6 lines occurring 2 times in 2 files,2,6,"src/Components/HomePage/Body/Left/Common/FiltersSection/FilterInput.tsx#L2:7,src/Components/HomePage/Body/Left/Common/FormComponents/InputComp.tsx#L4:9"
DUP-01,RAW,HIGH,6 lines occurring 2 times in 2 files,2,6,"src/Components/HomePage/Body/Left/Voorbereiding/ViewPlan/Steps/AddPointToPlan/helpers/drawYellowPlanGraphics.ts#L32:38,src/Components/HomePage/Body/Left/Voorbereiding/ViewPlan/Steps/AddPointsFromPlan/SelectFromSource/helpers/selectFromSourceGraphics.ts#L107:113"
DUP-08,RAW,HIGH,6 lines occurring 2 times in 2 files,2,6,"src/Components/HomePage/Body/Bottom/ClickedTableFunctions/PlansList.tsx#L25:33,src/Components/HomePage/Body/Bottom/ClickedTableFunctions/PointsList.tsx#L29:36"
DUP-01,RAW,HIGH,6 lines occurring 2 times,2,6,"src/Components/HomePage/Body/Left/Voorbereiding/ViewPlan/Steps/Step2/helpers/buildUpdatedPlanFromForm.ts#L44:49,src/Components/HomePage/Body/Left/Voorbereiding/ViewPlan/Steps/Step2/helpers/buildUpdatedPlanFromForm.ts#L70:75"
