Description,Severity,Status,First Seen,Issue age,Unit,File,Technology,Lines of code,McCabe complexity,Number of parameters
McCabe complexity of 13 for unit LegendSection.tsx.LegendSection(LegendSectionProps),MEDIUM,RAW,2026-06-10,38,LegendSection.tsx.LegendSection(LegendSectionProps),src/Components/HomePage/Body/Left/Common/KaartLegend/LayersList/Common/LegendSection.tsx#L24:79,TypeScript,28,13,1
McCabe complexity of 17 for unit BuildFlightPlanQueryOptions.resolveFlightPlanQueryDefaults(BuildFlightPlanQueryOptions),MEDIUM,RAW,2026-07-17,1,BuildFlightPlanQueryOptions.resolveFlightPlanQueryDefaults(BuildFlightPlanQueryOptions),backend/src/helpers/queries/flight-plans/buildFlightPlanQueryParts.ts#L26:55,TypeScript,27,17,1
McCabe complexity of 11 for unit safeServerRedirect.ts.isSafeServerRedirectTarget(string),MEDIUM,RAW,2026-07-13,5,safeServerRedirect.ts.isSafeServerRedirectTarget(string),backend/src/routes/auth/authKeycloak/safeServerRedirect.ts#L20:43,TypeScript,20,11,1
McCabe complexity of 11 for unit LegendSectionLayout.tsx.LegendSectionLayout(LegendSectionLayoutProps),MEDIUM,RAW,2026-07-15,3,LegendSectionLayout.tsx.LegendSectionLayout(LegendSectionLayoutProps),src/Components/HomePage/Body/Left/Common/KaartLegend/LayersList/Common/LegendSectionLayout.tsx#L19:74,TypeScript,19,11,1
"McCabe complexity of 15 for unit flightPlanPointExcel.ts.mapPointToExportRow(EnrichedPointType,FlightPlanType)",MEDIUM,RAW,2026-07-17,1,"flightPlanPointExcel.ts.mapPointToExportRow(EnrichedPointType,FlightPlanType)",src/helpers/points/flightPlanPointExcel.ts#L23:43,TypeScript,18,15,2
"McCabe complexity of 11 for unit applyEditPointCoordinatePatch.ts.nextValuesAfterCoordinatePatch(any,CoordinateSyncPatch)",MEDIUM,RAW,2026-07-17,1,"applyEditPointCoordinatePatch.ts.nextValuesAfterCoordinatePatch(any,CoordinateSyncPatch)",src/Components/HomePage/Body/Left/Voorbereiding/SelectedPoint/EditPointDetails/Steps/Step2/applyEditPointCoordinatePatch.ts#L13:34,TypeScript,17,11,2
McCabe complexity of 11 for unit EditPointTabs.tsx.EditPointTabs(),MEDIUM,RAW,2026-06-04,44,EditPointTabs.tsx.EditPointTabs(),src/Components/HomePage/Body/Left/Common/BottomTabs/EditPointTabs.tsx#L10:96,TypeScript,17,11,0
McCabe complexity of 11 for unit types.ts.geometryToDraft(Geometry),MEDIUM,RAW,2026-06-04,44,types.ts.geometryToDraft(Geometry),src/Components/HomePage/Body/Left/Tools/EditGeometry/EditForm/helpers/types.ts#L12:28,TypeScript,16,11,1
McCabe complexity of 12 for unit ParsedLoginInput.parseLoginInput(unknown),MEDIUM,RAW,2026-07-13,5,ParsedLoginInput.parseLoginInput(unknown),backend/src/routes/auth2/validateLoginInput.ts#L23:39,TypeScript,15,12,1
McCabe complexity of 12 for unit resolveSelectedPathPoint.ts.resolveSelectedPathPoint(any),MEDIUM,RAW,2026-07-15,3,resolveSelectedPathPoint.ts.resolveSelectedPathPoint(any),src/hooks/hover-click-handlers/resolveSelectedPathPoint.ts#L4:23,TypeScript,14,12,1
"McCabe complexity of 14 for unit logEntry.ts.buildLogEntry(LogActionInput,LogContext)",MEDIUM,RAW,2026-07-14,4,"logEntry.ts.buildLogEntry(LogActionInput,LogContext)",src/hooks/logging/logEntry.ts#L16:29,TypeScript,14,14,2
McCabe complexity of 11 for unit mapLoginErrorDebug.ts.logMapLoginErrorClassifierDebug(any),MEDIUM,RAW,2026-07-17,1,mapLoginErrorDebug.ts.logMapLoginErrorClassifierDebug(any),backend/src/routes/auth2/mapLoginErrorDebug.ts#L11:30,TypeScript,14,11,1
"McCabe complexity of 12 for unit sortPointsWithSelectionOrder.ts.comparePointsWithSelectionOrder(number,number,number[],Map<number, number>,Map<number, number>)",MEDIUM,RAW,2026-07-17,1,"sortPointsWithSelectionOrder.ts.comparePointsWithSelectionOrder(number,number,number[],Map<number, number>,Map<number, number>)",src/hooks/points/sortPointsWithSelectionOrder.ts#L4:10,TypeScript,13,12,5
"McCabe complexity of 19 for unit populateFormFromPlan.ts.populateFormFromPlan(FlightPlanFormSource,FlightPlanFormFieldSetters)",MEDIUM,RAW,2026-06-29,19,"populateFormFromPlan.ts.populateFormFromPlan(FlightPlanFormSource,FlightPlanFormFieldSetters)",src/hooks/flightPlan/populateFormFromPlan.ts#L18:33,TypeScript,13,19,2
McCabe complexity of 11 for unit pointMarkerSymbol.ts.mergePointSymbolOptions(PointSymbolOptions),MEDIUM,RAW,2026-07-04,14,pointMarkerSymbol.ts.mergePointSymbolOptions(PointSymbolOptions),src/helpers/ArcGISHelpers/pointMarkerSymbol.ts#L12:24,TypeScript,11,11,1
"McCabe complexity of 11 for unit mapHoverHighlight.ts.resolveMapHoverId(Record<string, unknown>)",MEDIUM,RAW,2026-07-04,14,"mapHoverHighlight.ts.resolveMapHoverId(Record<string, unknown>)",src/Components/HomePage/Body/MapViewComp/mapHoverHighlight.ts#L51:60,TypeScript,10,11,1
McCabe complexity of 11 for unit arcgisTokenConfigResolve.ts.resolveArcgisTokenNumericFields(ArcgisTokenConfig),MEDIUM,RAW,2026-07-17,1,arcgisTokenConfigResolve.ts.resolveArcgisTokenNumericFields(ArcgisTokenConfig),backend/src/services/arcgisTokenConfigResolve.ts#L33:41,TypeScript,9,11,1
McCabe complexity of 11 for unit resolveGeometrySymbolOptions.ts.resolveGeometrySymbolOptions(GeometrySymbolOptions),MEDIUM,RAW,2026-07-18,0,resolveGeometrySymbolOptions.ts.resolveGeometrySymbolOptions(GeometrySymbolOptions),src/helpers/ArcGISHelpers/resolveGeometrySymbolOptions.ts#L4:14,TypeScript,9,11,1
McCabe complexity of 11 for unit AandachtspuntDetailsFields.tsx.AandachtspuntDetailsFields(AandachtspuntDetailsFieldsProps),MEDIUM,RAW,2026-06-10,38,AandachtspuntDetailsFields.tsx.AandachtspuntDetailsFields(AandachtspuntDetailsFieldsProps),src/Components/HomePage/Body/Left/Common/AandachtspuntDetailsFields.tsx#L38:110,TypeScript,8,11,1
McCabe complexity of 7 for unit App.tsx.App(),LOW,RAW,2026-06-04,44,App.tsx.App(),src/App.tsx#L16:65,TypeScript,30,7,0
McCabe complexity of 7 for unit handleSubmit(),LOW,RAW,2026-07-04,14,handleSubmit(),src/Components/HomePage/Body/Left/Voorbereiding/FlightPlan/Steps/Step3/Buttons.tsx#L50:79,TypeScript,30,7,0
McCabe complexity of 8 for unit handleDeletePointEmptyMapClick.ts.handleDeletePointEmptyMapClick(any),LOW,RAW,2026-07-17,1,handleDeletePointEmptyMapClick.ts.handleDeletePointEmptyMapClick(any),src/Components/HomePage/Body/Left/Tools/AandachtspuntenVerwijderen/Actions/EditPointDetails/Steps/Step2/handleDeletePointEmptyMapClick.ts#L14:55,TypeScript,30,8,1
McCabe complexity of 6 for unit mapPointerHoverHandler.ts.createMapPointerHoverHandler(any),LOW,RAW,2026-07-13,5,mapPointerHoverHandler.ts.createMapPointerHoverHandler(any),src/Components/HomePage/Body/MapViewComp/mapPointerHoverHandler.ts#L8:17,TypeScript,30,6,1
McCabe complexity of 6 for unit handleUpdate(),LOW,RAW,2026-07-17,1,handleUpdate(),src/Components/HomePage/Body/Left/Voorbereiding/EnrichedAddPoint/Steps/Step2/UpdateBtn.tsx#L28:60,TypeScript,30,6,0
"McCabe complexity of 6 for unit getGeometries.ts.getGeometries(Request,Response)",LOW,RAW,2026-06-04,44,"getGeometries.ts.getGeometries(Request,Response)",backend/src/routes/geometries/getGeometries.ts#L9:47,TypeScript,30,6,2
McCabe complexity of 6 for unit postProxyHelpers.ts.forwardArcgisPostRequest(Request),LOW,RAW,2026-07-04,14,postProxyHelpers.ts.forwardArcgisPostRequest(Request),backend/src/routes/arcgis/postProxyHelpers.ts#L60:91,TypeScript,30,6,1
McCabe complexity of 6 for unit useDrawingToolLifecycle.ts.useDrawingToolStep2Lifecycle(any),LOW,RAW,2026-07-13,5,useDrawingToolLifecycle.ts.useDrawingToolStep2Lifecycle(any),src/Components/HomePage/Body/Left/Voorbereiding/DrawingTool/helpers/useDrawingToolLifecycle.ts#L72:111,TypeScript,29,6,1
"McCabe complexity of 6 for unit pdfReportTables.ts.addDetailTable(jsPDF,PDFPointDataType)",LOW,RAW,2026-07-04,14,"pdfReportTables.ts.addDetailTable(jsPDF,PDFPointDataType)",src/Components/HomePage/Body/Left/Nabewerking/CreateReport/helpers/pdfReportTables.ts#L89:117,TypeScript,29,6,2
McCabe complexity of 9 for unit useTimesliderItemImages.ts.useTimesliderItemImages(any),LOW,RAW,2026-07-13,5,useTimesliderItemImages.ts.useTimesliderItemImages(any),src/Components/TimesliderItemDetailPage/useTimesliderItemImages.ts#L8:46,TypeScript,29,9,1
"McCabe complexity of 8 for unit registerAgent.ts.RequestHandler(any,any)",LOW,RAW,2026-06-04,44,"registerAgent.ts.RequestHandler(any,any)",backend/src/routes/devices-updates/agent/registerAgent.ts#L5:35,TypeScript,28,8,2
McCabe complexity of 6 for unit handleUpdate(),LOW,RAW,2026-07-17,1,handleUpdate(),src/Components/HomePage/Body/Left/Voorbereiding/ViewPlan/Steps/AddPointStep/Steps/Step2/index.tsx#L37:67,TypeScript,28,6,0
McCabe complexity of 6 for unit index.tsx.Step1(any),LOW,RAW,2026-06-04,44,index.tsx.Step1(any),src/Components/HomePage/Body/Left/Voorbereiding/ViewPlan/Steps/Step1/index.tsx#L11:78,TypeScript,28,6,1
McCabe complexity of 7 for unit keycloakAdminTokenRequest.ts.requestAdminTokenWithRetry(any),LOW,RAW,2026-07-14,4,keycloakAdminTokenRequest.ts.requestAdminTokenWithRetry(any),backend/src/services/keycloakAdminTokenRequest.ts#L11:43,TypeScript,28,7,1
McCabe complexity of 7 for unit runReturningUpdate.ts.executeReturningUpdate(any),LOW,RAW,2026-07-14,4,runReturningUpdate.ts.executeReturningUpdate(any),backend/src/helpers/http/runReturningUpdate.ts#L35:70,TypeScript,28,7,1
"McCabe complexity of 10 for unit legacyAuthUsageMonitor.ts.legacyAuthUsageMonitor(any,any,any)",LOW,RAW,2026-07-13,5,"legacyAuthUsageMonitor.ts.legacyAuthUsageMonitor(any,any,any)",backend/src/helpers/auth/legacyAuthUsageMonitor.ts#L13:44,TypeScript,28,10,3
McCabe complexity of 9 for unit loadImages(),LOW,RAW,2026-07-17,1,loadImages(),src/api-hooks/planImages/useEntityPlanImages.ts#L29:57,TypeScript,27,9,0
McCabe complexity of 7 for unit applyDeletePointCoordinatePatch.ts.applyDeletePointCoordinatePatch(any),LOW,RAW,2026-07-17,1,applyDeletePointCoordinatePatch.ts.applyDeletePointCoordinatePatch(any),src/Components/HomePage/Body/Left/Tools/AandachtspuntenVerwijderen/Actions/EditPointDetails/Steps/Step2/applyDeletePointCoordinatePatch.ts#L3:42,TypeScript,27,7,1
McCabe complexity of 6 for unit index.tsx.Form(any),LOW,RAW,2026-06-04,44,index.tsx.Form(any),src/Components/HomePage/Body/Left/Nabewerking/VluchtenZoeken/Steps/Step2/Actions/Waarnemingen/EditPointDetails/Actions/Form/index.tsx#L14:43,TypeScript,27,6,1
"McCabe complexity of 6 for unit deleteUser.ts.handleDeleteUser(Request,Response)",LOW,RAW,2026-06-04,44,"deleteUser.ts.handleDeleteUser(Request,Response)",backend/src/routes/keycloak/management/users/deleteUser.ts#L7:40,TypeScript,27,6,2
McCabe complexity of 6 for unit attachDeletePointMapClick.ts.attachDeletePointMapClick(any),LOW,RAW,2026-07-17,1,attachDeletePointMapClick.ts.attachDeletePointMapClick(any),src/Components/HomePage/Body/Left/Tools/AandachtspuntenVerwijderen/Actions/Main/attachDeletePointMapClick.ts#L5:42,TypeScript,27,6,1
McCabe complexity of 6 for unit selectFromSourceGraphics.ts.syncPinsForSelection(any),LOW,RAW,2026-07-04,14,selectFromSourceGraphics.ts.syncPinsForSelection(any),src/Components/HomePage/Body/Left/Voorbereiding/ViewPlan/Steps/AddPointsFromPlan/SelectFromSource/helpers/selectFromSourceGraphics.ts#L35:71,TypeScript,26,6,1
McCabe complexity of 8 for unit usePathPointHandlerClick.ts.usePathPointHandlerClick(),LOW,RAW,2026-06-04,44,usePathPointHandlerClick.ts.usePathPointHandlerClick(),src/hooks/hover-click-handlers/usePathPointHandlerClick.ts#L10:41,TypeScript,26,8,0
McCabe complexity of 6 for unit CurrentGeometriesList.tsx.CurrentGeometriesList(),LOW,RAW,2026-06-04,44,CurrentGeometriesList.tsx.CurrentGeometriesList(),src/Components/HomePage/Body/Left/Voorbereiding/ReuseFlightPlan/Steps/Step2/CurrentGeometriesList.tsx#L11:62,TypeScript,26,6,0
"McCabe complexity of 9 for unit grantHelpers.ts.classifyStep2OtpLoginFailure(unknown,ClassifyStep2DebugContext)",LOW,RAW,2026-07-13,5,"grantHelpers.ts.classifyStep2OtpLoginFailure(unknown,ClassifyStep2DebugContext)",backend/src/routes/auth2/grantHelpers.ts#L98:130,TypeScript,26,9,2
McCabe complexity of 6 for unit bufferFlightPlansOnLayer.ts.bufferFlightPlansOnLayer(BufferFlightPlansOnLayerInput),LOW,RAW,2026-07-17,1,bufferFlightPlansOnLayer.ts.bufferFlightPlansOnLayer(BufferFlightPlansOnLayerInput),src/helpers/ArcGISHelpers/bufferFlightPlansOnLayer.ts#L20:51,TypeScript,26,6,1
McCabe complexity of 7 for unit buildFlightPlanQueryParts.ts.appendFlightPlanWhereClause(any),LOW,RAW,2026-07-17,1,buildFlightPlanQueryParts.ts.appendFlightPlanWhereClause(any),backend/src/helpers/queries/flight-plans/buildFlightPlanQueryParts.ts#L57:93,TypeScript,26,7,1
McCabe complexity of 7 for unit mapClickHitHandler.ts.handleMapClickHit(MapClickHitInput),LOW,RAW,2026-07-18,0,mapClickHitHandler.ts.handleMapClickHit(MapClickHitInput),src/hooks/popUpModal/mapClickHitHandler.ts#L20:48,TypeScript,25,7,1
McCabe complexity of 6 for unit syncSelectedPlanPathLayer.ts,LOW,RAW,2026-07-17,1,syncSelectedPlanPathLayer.ts,src/hooks/hover-click-handlers/syncSelectedPlanPathLayer.ts#L1:10,TypeScript,25,6,0
McCabe complexity of 9 for unit importPointRowNormalization.ts.normalizeImportRow(unknown),LOW,RAW,2026-07-01,17,importPointRowNormalization.ts.normalizeImportRow(unknown),backend/src/helpers/points/importPointRowNormalization.ts#L64:91,TypeScript,25,9,1
McCabe complexity of 6 for unit submitStep2(),LOW,RAW,2026-07-14,4,submitStep2(),src/Components/HomePage/Body/Left/Voorbereiding/ViewPlan/Steps/Step2/Buttons.tsx#L45:70,TypeScript,25,6,0
McCabe complexity of 7 for unit handleNext(),LOW,RAW,2026-06-04,44,handleNext(),src/Components/HomePage/Body/Left/Nabewerking/VluchtenZoeken/Steps/Step1/Content/Buttons.tsx#L27:53,TypeScript,25,7,0
"McCabe complexity of 6 for unit middleware.ts.RequestHandler(any,any,any)",LOW,RAW,2026-06-04,44,"middleware.ts.RequestHandler(any,any,any)",backend/src/routes/devices-updates/middleware.ts#L7:34,TypeScript,25,6,3
McCabe complexity of 6 for unit handleConfirmDelete(),LOW,RAW,2026-06-04,44,handleConfirmDelete(),src/Components/DashboardPage/AllUsersTable/index.tsx#L82:113,TypeScript,25,6,0
McCabe complexity of 6 for unit useSelectFromSourceGraphicsEffects.ts.useSourcePointHover(any),LOW,RAW,2026-07-14,4,useSelectFromSourceGraphicsEffects.ts.useSourcePointHover(any),src/Components/HomePage/Body/Left/Voorbereiding/ViewPlan/Steps/AddPointsFromPlan/SelectFromSource/useSelectFromSourceGraphicsEffects.ts#L101:130,TypeScript,25,6,1
McCabe complexity of 7 for unit Fase3.tsx.Fase3(any),LOW,RAW,2026-06-04,44,Fase3.tsx.Fase3(any),src/Components/HomePage/Body/Left/Voorbereiding/FlightPlan/Steps/Step1/TemplateFlights/Fase3.tsx#L14:86,TypeScript,24,7,1
"McCabe complexity of 6 for unit computeFlightPlanCentroid.ts.computeFlightPlanCentroid(FlightPlanCentroidPoint[],any,any)",LOW,RAW,2026-06-06,42,"computeFlightPlanCentroid.ts.computeFlightPlanCentroid(FlightPlanCentroidPoint[],any,any)",src/helpers/ArcGISHelpers/computeFlightPlanCentroid.ts#L12:41,TypeScript,24,6,3
"McCabe complexity of 9 for unit grantHelpers.ts.classifyGrantFailure(unknown,any)",LOW,RAW,2026-07-17,1,"grantHelpers.ts.classifyGrantFailure(unknown,any)",backend/src/routes/auth2/grantHelpers.ts#L56:87,TypeScript,24,9,2
McCabe complexity of 6 for unit pdfReportTables.ts.addGeneralInfoTable(any),LOW,RAW,2026-07-13,5,pdfReportTables.ts.addGeneralInfoTable(any),src/Components/HomePage/Body/Left/Nabewerking/CreateReport/helpers/pdfReportTables.ts#L32:59,TypeScript,24,6,1
"McCabe complexity of 6 for unit createUser.ts.createUser(Request,Response)",LOW,RAW,2026-06-04,44,"createUser.ts.createUser(Request,Response)",backend/src/routes/users/createUser.ts#L4:30,TypeScript,24,6,2
McCabe complexity of 7 for unit viewPlanStepMapActions.ts.syncYellowGeometryTableGraphics(any),LOW,RAW,2026-07-17,1,viewPlanStepMapActions.ts.syncYellowGeometryTableGraphics(any),src/Components/HomePage/Body/Left/Voorbereiding/ViewPlan/Steps/Step2/viewPlanStepMapActions.ts#L17:51,TypeScript,24,7,1
McCabe complexity of 6 for unit processImportedRows(string[]),LOW,RAW,2026-07-04,14,processImportedRows(string[]),src/Components/HomePage/Body/Left/Voorbereiding/FlightPlan/Steps/Step1/ImportVluchtPlan.tsx#L53:67,TypeScript,24,6,1
"McCabe complexity of 7 for unit editGeometryHelpers.ts.zoomMapToGeometryPoints(__esri.MapView|null|undefined,Geometry)",LOW,RAW,2026-07-04,14,"editGeometryHelpers.ts.zoomMapToGeometryPoints(__esri.MapView|null|undefined,Geometry)",src/Components/HomePage/Body/Left/Tools/EditGeometry/editGeometryHelpers.ts#L32:61,TypeScript,24,7,2
McCabe complexity of 6 for unit flightPathMetrics.ts.calculateFlightPathMetrics(PlanPathRow),LOW,RAW,2026-07-14,4,flightPathMetrics.ts.calculateFlightPathMetrics(PlanPathRow),src/hooks/flightPathMetrics.ts#L18:41,TypeScript,24,6,1
McCabe complexity of 7 for unit index.tsx.Form(any),LOW,RAW,2026-06-04,44,index.tsx.Form(any),src/Components/HomePage/Body/Left/Nabewerking/VluchtenZoeken/Steps/Step2/Actions/Waarnemingen/EditGeometryDetails/Actions/Form/index.tsx#L14:42,TypeScript,24,7,1
McCabe complexity of 7 for unit handleDirectDownload(),LOW,RAW,2026-06-04,44,handleDirectDownload(),src/Components/HomePage/Body/Left/Nabewerking/CreateReport/Steps/Step3/hooks/useDirectDownload.ts#L21:43,TypeScript,23,7,0
"McCabe complexity of 9 for unit invalidateRelatedQueries.ts.invalidateRelatedQueries(QueryClient,string)",LOW,RAW,2026-07-17,1,"invalidateRelatedQueries.ts.invalidateRelatedQueries(QueryClient,string)",src/lib/invalidateRelatedQueries.ts#L12:43,TypeScript,23,9,2
McCabe complexity of 7 for unit utils.ts.fetchWithRetry(any),LOW,RAW,2026-07-13,5,utils.ts.fetchWithRetry(any),src/Components/HomePage/Body/Left/Nabewerking/CreateReport/helpers/useHandleStep2/utils.ts#L3:29,TypeScript,23,7,1
"McCabe complexity of 7 for unit logoutHandler.ts.RequestHandler(any,any)",LOW,RAW,2026-06-04,44,"logoutHandler.ts.RequestHandler(any,any)",backend/src/routes/auth/authKeycloak/logoutHandler.ts#L4:30,TypeScript,23,7,2
McCabe complexity of 8 for unit fetchTimeRange(),LOW,RAW,2026-06-04,44,fetchTimeRange(),src/hooks/useTimeRange.ts#L15:37,TypeScript,23,8,0
McCabe complexity of 6 for unit useNearestPointClick.ts.useNearestPointClick(UseNearestPointClickOptions),LOW,RAW,2026-06-04,44,useNearestPointClick.ts.useNearestPointClick(UseNearestPointClickOptions),src/hooks/hover-click-handlers/useNearestPointClick.ts#L17:50,TypeScript,23,6,1
McCabe complexity of 6 for unit updateGeometryPoints.ts.updateGeometryOwnedPoints(any),LOW,RAW,2026-07-04,14,updateGeometryPoints.ts.updateGeometryOwnedPoints(any),backend/src/helpers/queries/geometries/updateGeometryPoints.ts#L10:42,TypeScript,23,6,1
McCabe complexity of 6 for unit useWizardPointsFilterHeader.tsx.useWizardPointsFilterHeader(any),LOW,RAW,2026-07-13,5,useWizardPointsFilterHeader.tsx.useWizardPointsFilterHeader(any),src/hooks/points/useWizardPointsFilterHeader.tsx#L3:44,TypeScript,22,6,1
McCabe complexity of 6 for unit useTimesliderSelection.ts.useTimesliderSelectedPlan(any),LOW,RAW,2026-07-04,14,useTimesliderSelection.ts.useTimesliderSelectedPlan(any),src/Components/TimesliderItemDetailPage/useTimesliderSelection.ts#L4:32,TypeScript,22,6,1
"McCabe complexity of 8 for unit pointGraphicCoordinates.ts.getPointCoordinates(PointData,any)",LOW,RAW,2026-07-17,1,"pointGraphicCoordinates.ts.getPointCoordinates(PointData,any)",src/helpers/ArcGISHelpers/pointGraphicCoordinates.ts#L4:30,TypeScript,22,8,2
McCabe complexity of 9 for unit InputComp.tsx,LOW,RAW,2026-07-14,4,InputComp.tsx,src/Components/HomePage/Body/Left/Common/FormComponents/InputComp.tsx#L1:18,TypeScript,21,9,0
McCabe complexity of 6 for unit usePointGraphicsEffects.ts.usePointGraphicsClick(any),LOW,RAW,2026-07-14,4,usePointGraphicsEffects.ts.usePointGraphicsClick(any),src/hooks/features/usePointGraphicsEffects.ts#L38:62,TypeScript,21,6,1
"McCabe complexity of 8 for unit buildPlanBoundingBoxGraphic.ts.buildPlanBoundingBoxGraphic(PlanBoundingBoxPoint[],any,any,CreatePlanBoundingBoxGraphicOptions)",LOW,RAW,2026-07-17,1,"buildPlanBoundingBoxGraphic.ts.buildPlanBoundingBoxGraphic(PlanBoundingBoxPoint[],any,any,CreatePlanBoundingBoxGraphicOptions)",src/helpers/ArcGISHelpers/buildPlanBoundingBoxGraphic.ts#L11:37,TypeScript,21,8,4
McCabe complexity of 6 for unit computeRealmRoleDiff.ts.computeRealmRoleDiff(any),LOW,RAW,2026-07-17,1,computeRealmRoleDiff.ts.computeRealmRoleDiff(any),backend/src/routes/keycloak/management/users/computeRealmRoleDiff.ts#L3:30,TypeScript,21,6,1
McCabe complexity of 8 for unit useTimesliderQueryContext.ts.useTimesliderQueryContext(),LOW,RAW,2026-07-13,5,useTimesliderQueryContext.ts.useTimesliderQueryContext(),src/Components/TimesliderItemDetailPage/useTimesliderQueryContext.ts#L6:27,TypeScript,21,8,0
McCabe complexity of 7 for unit uploadReportZipFile.ts.uploadReportZipFile(any),LOW,RAW,2026-07-17,1,uploadReportZipFile.ts.uploadReportZipFile(any),src/Components/HomePage/Body/Left/Nabewerking/CreateReport/Steps/Step3/hooks/uploadReportZipFile.ts#L4:32,TypeScript,21,7,1
McCabe complexity of 6 for unit useTableLayout.ts.useTableLayout(UseTableLayoutInput),LOW,RAW,2026-07-04,14,useTableLayout.ts.useTableLayout(UseTableLayoutInput),src/Components/HomePage/Body/Bottom/PointsView/common/hooks/useTableLayout.ts#L8:29,TypeScript,21,6,1
McCabe complexity of 10 for unit finishedPlan.ts.validateFinishedPlan(unknown),LOW,RAW,2026-06-10,38,finishedPlan.ts.validateFinishedPlan(unknown),backend/src/helpers/validators/finishedPlan.ts#L65:93,TypeScript,21,10,1
"McCabe complexity of 6 for unit findFotoMarkerAttachmentIndex.ts.findFotoMarkerAttachmentIndex(__esri.HitTestResult,AttachmentType[])",LOW,RAW,2026-07-18,0,"findFotoMarkerAttachmentIndex.ts.findFotoMarkerAttachmentIndex(__esri.HitTestResult,AttachmentType[])",src/Components/HomePage/Body/Left/Nabewerking/VluchtenZoeken/Steps/Step2/Actions/Waarnemingen/common/Foto/findFotoMarkerAttachmentIndex.ts#L3:26,TypeScript,21,6,2
"McCabe complexity of 10 for unit geometryFilterPredicates.ts.matchesGeometryFilters(Geometry,GeometryFilterCriteria)",LOW,RAW,2026-07-17,1,"geometryFilterPredicates.ts.matchesGeometryFilters(Geometry,GeometryFilterCriteria)",src/hooks/filters/geometryFilterPredicates.ts#L15:41,TypeScript,21,10,2
McCabe complexity of 10 for unit FeatureDeleteAttachmentsResponse.assertDeleteAttachmentsSuccess(FeatureDeleteAttachmentsResponse),LOW,RAW,2026-07-04,14,FeatureDeleteAttachmentsResponse.assertDeleteAttachmentsSuccess(FeatureDeleteAttachmentsResponse),src/helpers/arcgis/deleteAttachmentsResponse.ts#L27:52,TypeScript,20,10,1
McCabe complexity of 7 for unit PointItemCheckBox.tsx.PointItemCheckBox(PointItemCheckBoxProps),LOW,RAW,2026-07-15,3,PointItemCheckBox.tsx.PointItemCheckBox(PointItemCheckBoxProps),src/Components/HomePage/Body/Left/Common/PointItemCheckBox.tsx#L18:46,TypeScript,20,7,1
McCabe complexity of 7 for unit getTransformedCoordinates.ts.getTransformedCoordinates(TransformCoordinatesInput),LOW,RAW,2026-07-04,14,getTransformedCoordinates.ts.getTransformedCoordinates(TransformCoordinatesInput),src/helpers/ArcGISHelpers/getTransformedCoordinates.ts#L10:34,TypeScript,20,7,1
McCabe complexity of 7 for unit loginErrorDecision.ts.resolveCredentialOrAmbiguousLoginError(any),LOW,RAW,2026-07-17,1,loginErrorDecision.ts.resolveCredentialOrAmbiguousLoginError(any),backend/src/routes/auth2/loginErrorDecision.ts#L58:85,TypeScript,20,7,1
McCabe complexity of 6 for unit viewPlanStepMapActions.ts.goToGeometryCenter(any),LOW,RAW,2026-07-17,1,viewPlanStepMapActions.ts.goToGeometryCenter(any),src/Components/HomePage/Body/Left/Voorbereiding/ViewPlan/Steps/Step2/viewPlanStepMapActions.ts#L69:94,TypeScript,20,6,1
McCabe complexity of 8 for unit pointPlanImagesToAttachments.ts.pointPlanImagesToAttachments(PointPlanImageRow[]),LOW,RAW,2026-07-17,1,pointPlanImagesToAttachments.ts.pointPlanImagesToAttachments(PointPlanImageRow[]),src/api-hooks/planImages/pointPlanImagesToAttachments.ts#L5:28,TypeScript,20,8,1
McCabe complexity of 6 for unit keycloakUserApi.ts.createKeycloakUser(any),LOW,RAW,2026-07-04,14,keycloakUserApi.ts.createKeycloakUser(any),src/Components/DashboardPage/shared/keycloakUserApi.ts#L47:72,TypeScript,20,6,1
McCabe complexity of 6 for unit exportFlightPath(),LOW,RAW,2026-06-04,44,exportFlightPath(),src/Components/HomePage/Body/Left/Nabewerking/VluchtenZoeken/Steps/Step2/Actions/VliegrouteExporteren/index.tsx#L37:59,TypeScript,20,6,0
McCabe complexity of 6 for unit submitCreateUser.ts.submitCreateUser(any),LOW,RAW,2026-07-18,0,submitCreateUser.ts.submitCreateUser(any),src/Components/DashboardPage/AddUser/submitCreateUser.ts#L20:43,TypeScript,20,6,1
"McCabe complexity of 6 for unit entityDeleteHelpers.ts.removePointIdsFromFlightPlans(PoolClient,number[])",LOW,RAW,2026-07-01,17,"entityDeleteHelpers.ts.removePointIdsFromFlightPlans(PoolClient,number[])",backend/src/helpers/entities/entityDeleteHelpers.ts#L68:94,TypeScript,20,6,2
McCabe complexity of 9 for unit buildPlanGeometryGraphics.ts.graphicFromPlanGeometry(FinishedGeometryType),LOW,RAW,2026-07-18,0,buildPlanGeometryGraphics.ts.graphicFromPlanGeometry(FinishedGeometryType),src/Components/HomePage/Body/Left/Nabewerking/VluchtenZoeken/hooks/buildPlanGeometryGraphics.ts#L25:47,TypeScript,20,9,1
McCabe complexity of 6 for unit uploadZip(),LOW,RAW,2026-06-04,44,uploadZip(),src/Components/HomePage/Body/Left/Nabewerking/CreateReport/Steps/Step3/hooks/useUploadZip.ts#L21:41,TypeScript,20,6,0
McCabe complexity of 7 for unit BasemapWidget.tsx.BasemapWidget(),LOW,RAW,2026-06-04,44,BasemapWidget.tsx.BasemapWidget(),src/Components/HomePage/Body/MapViewComp/BasemapWidget.tsx#L6:12,TypeScript,20,7,0
McCabe complexity of 7 for unit featureLayerPopupResolve.ts.resolveFeaturePopupData(any),LOW,RAW,2026-07-04,14,featureLayerPopupResolve.ts.resolveFeaturePopupData(any),src/hooks/hover-click-handlers/featureLayerPopupResolve.ts#L28:52,TypeScript,19,7,1
McCabe complexity of 9 for unit waitForEmbeddedAssets.ts.waitForEmbeddedAssets(Page),LOW,RAW,2026-07-18,0,waitForEmbeddedAssets.ts.waitForEmbeddedAssets(Page),backend/src/routes/emails/waitForEmbeddedAssets.ts#L3:21,TypeScript,19,9,1
McCabe complexity of 6 for unit selectGeometryFromMapClick.ts.selectGeometryFromMapClick(any),LOW,RAW,2026-07-17,1,selectGeometryFromMapClick.ts.selectGeometryFromMapClick(any),src/Components/HomePage/Body/Left/Voorbereiding/FlightPlan/Common/selectGeometryFromMapClick.ts#L4:31,TypeScript,19,6,1
McCabe complexity of 6 for unit usePointGraphicsEffects.ts.usePointGraphicsRendering(any),LOW,RAW,2026-07-14,4,usePointGraphicsEffects.ts.usePointGraphicsRendering(any),src/hooks/features/usePointGraphicsEffects.ts#L10:36,TypeScript,19,6,1
McCabe complexity of 7 for unit parseTimesliderImageQuery.ts.parseTimesliderImageQuery(URLSearchParams),LOW,RAW,2026-07-04,14,parseTimesliderImageQuery.ts.parseTimesliderImageQuery(URLSearchParams),src/Components/TimesliderItemDetailPage/parseTimesliderImageQuery.ts#L32:57,TypeScript,19,7,1
"McCabe complexity of 7 for unit FinishedPlanWriter.insertOneAttachment(FinishedPlanPoint,FinishedPlanAttachment)",LOW,RAW,2026-07-01,17,"FinishedPlanWriter.insertOneAttachment(FinishedPlanPoint,FinishedPlanAttachment)",backend/src/helpers/finished-plans/createFinishedPlanDb.ts#L167:188,TypeScript,19,7,2
"McCabe complexity of 7 for unit formatPlanGeometries.ts.formatFinishedPlansWithGeometries(Record<string, unknown>,any)",LOW,RAW,2026-06-30,18,"formatPlanGeometries.ts.formatFinishedPlansWithGeometries(Record<string, unknown>,any)",backend/src/helpers/queries/geometries/formatPlanGeometries.ts#L147:160,TypeScript,19,7,2
McCabe complexity of 7 for unit parseKeycloakAdminTokenResponse.ts.parseKeycloakAdminTokenResponse(Response),LOW,RAW,2026-07-14,4,parseKeycloakAdminTokenResponse.ts.parseKeycloakAdminTokenResponse(Response),backend/src/services/parseKeycloakAdminTokenResponse.ts#L10:27,TypeScript,18,7,1
McCabe complexity of 7 for unit scheduleEditPointPreview.ts,LOW,RAW,2026-07-18,0,scheduleEditPointPreview.ts,src/Components/HomePage/Body/Left/Nabewerking/VluchtenZoeken/Steps/Step2/Actions/Waarnemingen/EditPointDetails/Actions/EditPointCoordinates/scheduleEditPointPreview.ts#L1:3,TypeScript,18,7,0
"McCabe complexity of 9 for unit filterPointsByCriteria.ts.matchesPeriod(EnrichedPointType,PointFilterCriteria)",LOW,RAW,2026-07-15,3,"filterPointsByCriteria.ts.matchesPeriod(EnrichedPointType,PointFilterCriteria)",src/hooks/filters/filterPointsByCriteria.ts#L13:33,TypeScript,18,9,2
McCabe complexity of 7 for unit resolveDebouncedPointWgs84.ts.resolveDebouncedPointWgs84(PointFormState),LOW,RAW,2026-07-04,14,resolveDebouncedPointWgs84.ts.resolveDebouncedPointWgs84(PointFormState),src/Components/HomePage/Body/Left/Tools/EditGeometry/EditForm/EditGeometryPointPanel/resolveDebouncedPointWgs84.ts#L5:26,TypeScript,18,7,1
McCabe complexity of 9 for unit FinishedPlanWriter.insertFinishedRow(FinishedPlanPoint),LOW,RAW,2026-07-01,17,FinishedPlanWriter.insertFinishedRow(FinishedPlanPoint),backend/src/helpers/finished-plans/createFinishedPlanDb.ts#L202:220,TypeScript,18,9,1
"McCabe complexity of 7 for unit formatPlanGeometries.ts.formatPlansWithGeometries(Record<string, unknown>)",LOW,RAW,2026-06-30,18,"formatPlanGeometries.ts.formatPlansWithGeometries(Record<string, unknown>)",backend/src/helpers/queries/geometries/formatPlanGeometries.ts#L73:94,TypeScript,18,7,1
McCabe complexity of 6 for unit refreshFeatureStores.ts.refreshFeatureStores(string),LOW,RAW,2026-07-17,1,refreshFeatureStores.ts.refreshFeatureStores(string),src/lib/refreshFeatureStores.ts#L4:24,TypeScript,18,6,1
McCabe complexity of 6 for unit useGeometryGraphicsEffects.ts.useGeometryGraphicsRendering(any),LOW,RAW,2026-07-14,4,useGeometryGraphicsEffects.ts.useGeometryGraphicsRendering(any),src/hooks/features/useGeometryGraphicsEffects.ts#L17:41,TypeScript,17,6,1
"McCabe complexity of 7 for unit selectedPointDetailsData.ts.buildSelectedPointDetails(EnrichedPointType,Option[],Option[])",LOW,RAW,2026-07-14,4,"selectedPointDetailsData.ts.buildSelectedPointDetails(EnrichedPointType,Option[],Option[])",src/Components/HomePage/Body/Left/Voorbereiding/SelectedPoint/SelectedPointDetails/selectedPointDetailsData.ts#L5:25,TypeScript,17,7,3
McCabe complexity of 6 for unit drawingToolMapCleanup.ts.clearCurrentlyDrawingGraphics(MapView|null|undefined),LOW,RAW,2026-06-10,38,drawingToolMapCleanup.ts.clearCurrentlyDrawingGraphics(MapView|null|undefined),src/Components/HomePage/Body/Left/Voorbereiding/DrawingTool/helpers/drawingToolMapCleanup.ts#L6:27,TypeScript,17,6,1
McCabe complexity of 9 for unit filterFinishedPlansForItem.ts.getItemDisplayTitle(any),LOW,RAW,2026-07-13,5,filterFinishedPlansForItem.ts.getItemDisplayTitle(any),src/helpers/timeslider/filterFinishedPlansForItem.ts#L17:37,TypeScript,17,9,1
McCabe complexity of 7 for unit navigateToLocation.ts.navigateToLocation(NavigateToLocationInput),LOW,RAW,2026-07-04,14,navigateToLocation.ts.navigateToLocation(NavigateToLocationInput),src/Components/HomePage/Body/Left/Nabewerking/VluchtenZoeken/Steps/Step2/Actions/Waarnemingen/common/Foto/navigateToLocation.ts#L12:30,TypeScript,17,7,1
"McCabe complexity of 10 for unit logFields.ts.buildLogInsertValues(number,LogInsertInput)",LOW,RAW,2026-06-30,18,"logFields.ts.buildLogInsertValues(number,LogInsertInput)",backend/src/helpers/queries/logs/logFields.ts#L45:64,TypeScript,17,10,2
"McCabe complexity of 6 for unit parseAgentReport.ts.parseAgentReportBody(Record<string, unknown>)",LOW,RAW,2026-07-04,14,"parseAgentReport.ts.parseAgentReportBody(Record<string, unknown>)",backend/src/routes/devices-updates/agent/parseAgentReport.ts#L18:33,TypeScript,16,6,1
"McCabe complexity of 7 for unit geometryHerhalen.ts.sortGeometriesForSelection(Geometry[],number[])",LOW,RAW,2026-07-04,14,"geometryHerhalen.ts.sortGeometriesForSelection(Geometry[],number[])",src/Components/HomePage/Body/Left/Voorbereiding/FlightPlan/Common/geometryHerhalen.ts#L27:46,TypeScript,16,7,2
"McCabe complexity of 6 for unit deleteFotoFromArcgis.ts.deleteFotoFromArcgis(AttachmentType,void)",LOW,RAW,2026-07-18,0,"deleteFotoFromArcgis.ts.deleteFotoFromArcgis(AttachmentType,void)",src/Components/HomePage/Body/Left/Nabewerking/VluchtenZoeken/Steps/Step2/Actions/Waarnemingen/common/Foto/deleteFotoFromArcgis.ts#L5:23,TypeScript,16,6,2
McCabe complexity of 6 for unit filterPlansByPeriod.ts.matchesPeriod(any),LOW,RAW,2026-07-17,1,filterPlansByPeriod.ts.matchesPeriod(any),src/hooks/filters/filterPlansByPeriod.ts#L14:37,TypeScript,16,6,1
McCabe complexity of 6 for unit nearestPoint.ts.findNearestPoint(any),LOW,RAW,2026-07-14,4,nearestPoint.ts.findNearestPoint(any),src/hooks/hover-click-handlers/nearestPoint.ts#L4:24,TypeScript,16,6,1
McCabe complexity of 9 for unit resolveRegioFilter.ts.getSessionRealmRoles(Request),LOW,RAW,2026-07-01,17,resolveRegioFilter.ts.getSessionRealmRoles(Request),backend/src/helpers/queries/shared/resolveRegioFilter.ts#L17:35,TypeScript,16,9,1
"McCabe complexity of 7 for unit PointsFilters.loadPoints(PointsFilters,Partial<PointsState>,any)",LOW,RAW,2026-06-04,44,"PointsFilters.loadPoints(PointsFilters,Partial<PointsState>,any)",src/hooks/features/usePointsStore.ts#L39:66,TypeScript,16,7,3
McCabe complexity of 6 for unit selectedPlansPointsList.ts.collectSelectedDataFromPlan(FinishedFlightPlanType),LOW,RAW,2026-07-17,1,selectedPlansPointsList.ts.collectSelectedDataFromPlan(FinishedFlightPlanType),src/helpers/timeslider/selectedPlansPointsList.ts#L48:67,TypeScript,16,6,1
McCabe complexity of 6 for unit importPointRowNormalization.ts.to01(unknown),LOW,RAW,2026-07-01,17,importPointRowNormalization.ts.to01(unknown),backend/src/helpers/points/importPointRowNormalization.ts#L42:57,TypeScript,16,6,1
McCabe complexity of 6 for unit renderTabContent(),LOW,RAW,2026-06-04,44,renderTabContent(),src/Components/HomePage/Body/Bottom/PlansView/index.tsx#L19:34,TypeScript,16,6,0
McCabe complexity of 8 for unit collectUniquePlanPointIds.ts.collectUniquePlanPointIds(any),LOW,RAW,2026-07-13,5,collectUniquePlanPointIds.ts.collectUniquePlanPointIds(any),src/hooks/flightPlan/collectUniquePlanPointIds.ts#L7:27,TypeScript,15,8,1
"McCabe complexity of 9 for unit filterPointsByCriteria.ts.filterPointsByCriteria(EnrichedPointType[],PointFilterCriteria)",LOW,RAW,2026-07-15,3,"filterPointsByCriteria.ts.filterPointsByCriteria(EnrichedPointType[],PointFilterCriteria)",src/hooks/filters/filterPointsByCriteria.ts#L35:53,TypeScript,15,9,2
McCabe complexity of 8 for unit buildTimesliderPageViewParts.ts.resolveTimesliderPlanEmptyFlags(any),LOW,RAW,2026-07-17,1,buildTimesliderPageViewParts.ts.resolveTimesliderPlanEmptyFlags(any),src/Components/TimesliderItemDetailPage/buildTimesliderPageViewParts.ts#L41:61,TypeScript,15,8,1
McCabe complexity of 10 for unit safeReturnPath.ts.safeReturnPath(unknown),LOW,RAW,2026-06-04,44,safeReturnPath.ts.safeReturnPath(unknown),backend/src/routes/auth/authKeycloak/safeReturnPath.ts#L5:19,TypeScript,15,10,1
McCabe complexity of 6 for unit syncScrollPositions.ts.syncScrollPositions(any),LOW,RAW,2026-07-13,5,syncScrollPositions.ts.syncScrollPositions(any),src/Components/HomePage/Body/Bottom/PointsView/common/functions/syncScrollPositions.ts#L3:24,TypeScript,15,6,1
"McCabe complexity of 8 for unit hoverMapGraphic.ts.isHoverableMapGraphic(__esri.Graphic,any)",LOW,RAW,2026-07-17,1,"hoverMapGraphic.ts.isHoverableMapGraphic(__esri.Graphic,any)",src/hooks/features/hoverMapGraphic.ts#L6:32,TypeScript,15,8,2
McCabe complexity of 9 for unit featureLayerPopupFormatting.ts.formatPopupValue(unknown),LOW,RAW,2026-07-15,3,featureLayerPopupFormatting.ts.formatPopupValue(unknown),src/Components/HomePage/Body/Common/FeatureLayerPopup/featureLayerPopupFormatting.ts#L24:38,TypeScript,15,9,1
McCabe complexity of 7 for unit validateSpoedReportRequest.ts.validateSpoedReportFields(SpoedReportBody),LOW,RAW,2026-07-17,1,validateSpoedReportRequest.ts.validateSpoedReportFields(SpoedReportBody),backend/src/routes/emails/validateSpoedReportRequest.ts#L24:43,TypeScript,15,7,1
McCabe complexity of 6 for unit useSyncFlightPlanTimes.ts.useSyncFlightPlanTimes(FlightPlanType),LOW,RAW,2026-07-18,0,useSyncFlightPlanTimes.ts.useSyncFlightPlanTimes(FlightPlanType),src/Components/HomePage/Body/Bottom/PointsView/FlightPlansTable/useSyncFlightPlanTimes.ts#L7:22,TypeScript,15,6,1
"McCabe complexity of 6 for unit SortedAttachment.resolveMarkerPoint(string|null|undefined,Map<string, number>)",LOW,RAW,2026-07-15,3,"SortedAttachment.resolveMarkerPoint(string|null|undefined,Map<string, number>)",src/Components/HomePage/Body/Left/Nabewerking/VluchtenZoeken/Steps/Step2/Actions/Waarnemingen/common/Foto/buildImageMarkerGraphics.ts#L50:69,TypeScript,15,6,2
"McCabe complexity of 8 for unit featureLayerLabelText.ts.getFeatureLayerLabelText(string,Record<string, unknown>)",LOW,RAW,2026-07-04,14,"featureLayerLabelText.ts.getFeatureLayerLabelText(string,Record<string, unknown>)",src/hooks/hover-click-handlers/featureLayerLabelText.ts#L1:19,TypeScript,14,8,2
McCabe complexity of 6 for unit HoveredPlan(FlightPlanType),LOW,RAW,2026-06-06,42,HoveredPlan(FlightPlanType),src/Components/HomePage/Body/Bottom/PointsView/FlightPlansTable/index.tsx#L101:118,TypeScript,14,6,1
McCabe complexity of 6 for unit featureLayerLabelsSync.ts.refreshFeatureLayerLabels(any),LOW,RAW,2026-07-04,14,featureLayerLabelsSync.ts.refreshFeatureLayerLabels(any),src/hooks/hover-click-handlers/featureLayerLabelsSync.ts#L7:26,TypeScript,14,6,1
McCabe complexity of 7 for unit grantError.ts.extractGrantError(unknown),LOW,RAW,2026-07-13,5,grantError.ts.extractGrantError(unknown),backend/src/routes/auth2/grantError.ts#L54:68,TypeScript,14,7,1
McCabe complexity of 6 for unit HoveredPlan(FlightPlanType),LOW,RAW,2026-06-06,42,HoveredPlan(FlightPlanType),src/Components/HomePage/Body/Left/Common/SearchedResultsTab/FlightPlans/FlightPlansList/List.tsx#L51:68,TypeScript,14,6,1
"McCabe complexity of 7 for unit RawPoint.buildTemplateGeometryFromFullData(number,Record<string, unknown>)",LOW,RAW,2026-07-17,1,"RawPoint.buildTemplateGeometryFromFullData(number,Record<string, unknown>)",backend/src/helpers/queries/geometries/buildTemplateGeometryGroup.ts#L7:23,TypeScript,14,7,2
McCabe complexity of 6 for unit grantError.ts.readEmbeddedGrantError(string),LOW,RAW,2026-07-17,1,grantError.ts.readEmbeddedGrantError(string),backend/src/routes/auth2/grantError.ts#L37:52,TypeScript,14,6,1
McCabe complexity of 8 for unit mapHoverHighlight.ts.resolveMapHoverLabel(any),LOW,RAW,2026-07-04,14,mapHoverHighlight.ts.resolveMapHoverLabel(any),src/Components/HomePage/Body/MapViewComp/mapHoverHighlight.ts#L32:49,TypeScript,13,8,1
McCabe complexity of 7 for unit ImportPointsWriter.pointsForMode(ReturnMode),LOW,RAW,2026-07-01,17,ImportPointsWriter.pointsForMode(ReturnMode),backend/src/helpers/points/createPointFromImportDb.ts#L139:153,TypeScript,13,7,1
McCabe complexity of 6 for unit isPointInPolygon.ts.ringBoundingBox(number[]),LOW,RAW,2026-07-17,1,isPointInPolygon.ts.ringBoundingBox(number[]),src/Components/HomePage/Body/Left/Voorbereiding/SelectedPoint/AddToPlan/isPointInPolygon.ts#L1:20,TypeScript,13,6,1
McCabe complexity of 6 for unit arcgisTokenConfig.ts.assertArcgisTokenCredentials(ResolvedArcgisTokenConfig),LOW,RAW,2026-06-30,18,arcgisTokenConfig.ts.assertArcgisTokenCredentials(ResolvedArcgisTokenConfig),backend/src/services/arcgisTokenConfig.ts#L33:49,TypeScript,13,6,1
McCabe complexity of 6 for unit SelectedPlanImagesPanel.tsx.SelectedPlanImagesPanel(any),LOW,RAW,2026-07-04,14,SelectedPlanImagesPanel.tsx.SelectedPlanImagesPanel(any),src/Components/HomePage/Body/Right/SelectedPlansPointsList/Images/SelectedPlanImagesPanel.tsx#L10:47,TypeScript,13,6,1
"McCabe complexity of 6 for unit timesliderRangeHelpers.ts.parseTimesliderRange(string|null,string|null)",LOW,RAW,2026-07-14,4,"timesliderRangeHelpers.ts.parseTimesliderRange(string|null,string|null)",src/Components/HomePage/Head/timeslider/timesliderRangeHelpers.ts#L7:22,TypeScript,13,6,2
McCabe complexity of 9 for unit ApplyAgentReportParams.buildApplyAgentReportParams(ApplyAgentReportParams),LOW,RAW,2026-07-17,1,ApplyAgentReportParams.buildApplyAgentReportParams(ApplyAgentReportParams),backend/src/routes/devices-updates/applyAgentReportSql.ts#L32:44,TypeScript,13,9,1
McCabe complexity of 6 for unit geometryMapGraphicActions.ts.syncGeometriesTableMapGraphics(any),LOW,RAW,2026-07-17,1,geometryMapGraphicActions.ts.syncGeometriesTableMapGraphics(any),src/helpers/ArcGISHelpers/geometryMapGraphicActions.ts#L53:77,TypeScript,13,6,1
McCabe complexity of 7 for unit validateSpoedReportRequest.ts.validateSpoedReportRequest(any),LOW,RAW,2026-07-13,5,validateSpoedReportRequest.ts.validateSpoedReportRequest(any),backend/src/routes/emails/validateSpoedReportRequest.ts#L45:63,TypeScript,13,7,1
McCabe complexity of 10 for unit TimesliderPageStatusInput.resolveEmptyMainMessage(TimesliderPageStatusInput),LOW,RAW,2026-07-15,3,TimesliderPageStatusInput.resolveEmptyMainMessage(TimesliderPageStatusInput),src/Components/TimesliderItemDetailPage/timesliderPageStatus.ts#L34:46,TypeScript,13,10,1
McCabe complexity of 7 for unit grantError.ts.readDirectGrantError(unknown),LOW,RAW,2026-07-17,1,grantError.ts.readDirectGrantError(unknown),backend/src/routes/auth2/grantError.ts#L23:35,TypeScript,13,7,1
McCabe complexity of 6 for unit arcgis.ts.getValidToken(),LOW,RAW,2026-06-04,44,arcgis.ts.getValidToken(),backend/src/services/arcgis.ts#L41:56,TypeScript,12,6,0
McCabe complexity of 8 for unit buildTimesliderHeaderProps.ts.buildTimesliderHeaderProps(BuildTimesliderPageShellInput),LOW,RAW,2026-07-18,0,buildTimesliderHeaderProps.ts.buildTimesliderHeaderProps(BuildTimesliderPageShellInput),src/Components/TimesliderItemDetailPage/buildTimesliderHeaderProps.ts#L4:14,TypeScript,12,8,1
McCabe complexity of 7 for unit selectFromSourceGraphics.ts.findHoverableGraphic(any),LOW,RAW,2026-07-04,14,selectFromSourceGraphics.ts.findHoverableGraphic(any),src/Components/HomePage/Body/Left/Voorbereiding/ViewPlan/Steps/AddPointsFromPlan/SelectFromSource/helpers/selectFromSourceGraphics.ts#L73:90,TypeScript,12,7,1
McCabe complexity of 6 for unit TimesliderPageStatusInput.buildTimesliderPageStatus(TimesliderPageStatusInput),LOW,RAW,2026-07-04,14,TimesliderPageStatusInput.buildTimesliderPageStatus(TimesliderPageStatusInput),src/Components/TimesliderItemDetailPage/timesliderPageStatus.ts#L13:26,TypeScript,12,6,1
McCabe complexity of 6 for unit resolveRegioFilter.ts.resolveRegioFilter(Request),LOW,RAW,2026-07-01,17,resolveRegioFilter.ts.resolveRegioFilter(Request),backend/src/helpers/queries/shared/resolveRegioFilter.ts#L62:76,TypeScript,12,6,1
McCabe complexity of 7 for unit postProxyTarget.ts.resolvePostProxyTargetUrl(Request),LOW,RAW,2026-07-13,5,postProxyTarget.ts.resolvePostProxyTargetUrl(Request),backend/src/routes/arcgis/postProxyTarget.ts#L5:18,TypeScript,12,7,1
McCabe complexity of 6 for unit PointsFilterBuilder.addStatus(unknown),LOW,RAW,2026-07-04,14,PointsFilterBuilder.addStatus(unknown),backend/src/helpers/queries/points/buildPointsListQuery.ts#L70:84,TypeScript,12,6,1
McCabe complexity of 6 for unit verifyCredentialsFlow.ts.classifyVerifyLookup(KeycloakUserLookupResult),LOW,RAW,2026-07-14,4,verifyCredentialsFlow.ts.classifyVerifyLookup(KeycloakUserLookupResult),backend/src/routes/auth2/verifyCredentialsFlow.ts#L12:25,TypeScript,12,6,1
"McCabe complexity of 6 for unit proxyShared.ts.findHttpUrlInQueryKeys(Record<string, unknown>)",LOW,RAW,2026-07-04,14,"proxyShared.ts.findHttpUrlInQueryKeys(Record<string, unknown>)",backend/src/routes/arcgis/proxyShared.ts#L35:46,TypeScript,12,6,1
McCabe complexity of 6 for unit planSelection.ts.mergeGeometries(any),LOW,RAW,2026-07-13,5,planSelection.ts.mergeGeometries(any),src/Components/HomePage/Body/Left/Voorbereiding/ViewPlan/Steps/AddPointToPlan/helpers/planSelection.ts#L19:37,TypeScript,12,6,1
McCabe complexity of 9 for unit useTemplateFlights.ts.useTemplateFlights(UseTemplateFlightsInput),LOW,RAW,2026-07-14,4,useTemplateFlights.ts.useTemplateFlights(UseTemplateFlightsInput),src/api-hooks/templateFlights/useTemplateFlights.ts#L13:24,TypeScript,12,9,1
"McCabe complexity of 8 for unit createFinishedPlanDb.ts.buildNewPointOverrides(FinishedPlanPoint,number)",LOW,RAW,2026-07-01,17,"createFinishedPlanDb.ts.buildNewPointOverrides(FinishedPlanPoint,number)",backend/src/helpers/finished-plans/createFinishedPlanDb.ts#L26:39,TypeScript,11,8,2
McCabe complexity of 6 for unit arcgisTokenRegistration.ts.fetchArcgisToken(string),LOW,RAW,2026-07-14,4,arcgisTokenRegistration.ts.fetchArcgisToken(string),src/helpers/arcgisTokenRegistration.ts#L30:40,TypeScript,11,6,1
"McCabe complexity of 9 for unit GeometryMetadataInput.buildGeometryMetadataValues(GeometryMetadataInput,number)",LOW,RAW,2026-07-01,17,"GeometryMetadataInput.buildGeometryMetadataValues(GeometryMetadataInput,number)",backend/src/helpers/queries/geometries/geometryRouteHelpers.ts#L28:41,TypeScript,11,9,2
McCabe complexity of 7 for unit ImportColumnHandler.truthyColumnHandler(TruthyColumn),LOW,RAW,2026-07-17,1,ImportColumnHandler.truthyColumnHandler(TruthyColumn),src/Components/HomePage/Body/Left/Voorbereiding/FlightPlan/helpers/parsePointImportFile.ts#L116:126,TypeScript,11,7,1
McCabe complexity of 6 for unit planSelection.ts.collectExistingPlanPointIds(FlightPlanType),LOW,RAW,2026-06-04,44,planSelection.ts.collectExistingPlanPointIds(FlightPlanType),src/Components/HomePage/Body/Left/Voorbereiding/ViewPlan/Steps/AddPointToPlan/helpers/planSelection.ts#L5:16,TypeScript,10,6,1
McCabe complexity of 7 for unit authSecurityConfig.ts.isGenericAuthErrorsEnabled(),LOW,RAW,2026-07-13,5,authSecurityConfig.ts.isGenericAuthErrorsEnabled(),backend/src/routes/auth2/authSecurityConfig.ts#L7:16,TypeScript,10,7,0
McCabe complexity of 6 for unit resolveRegioFilter.ts.firstQueryValue(unknown),LOW,RAW,2026-07-01,17,resolveRegioFilter.ts.firstQueryValue(unknown),backend/src/helpers/queries/shared/resolveRegioFilter.ts#L4:15,TypeScript,10,6,1
McCabe complexity of 7 for unit ImageGalleryToolbar.tsx.ImageGalleryToolbar(any),LOW,RAW,2026-07-18,0,ImageGalleryToolbar.tsx.ImageGalleryToolbar(any),src/Components/HomePage/Body/Common/ImageGalleryToolbar.tsx#L8:35,TypeScript,10,7,1
McCabe complexity of 6 for unit pointItemTypes.ts.countPointAttachments(PointItemPoint),LOW,RAW,2026-07-15,3,pointItemTypes.ts.countPointAttachments(PointItemPoint),src/Components/HomePage/Body/Left/Common/pointItemTypes.ts#L18:27,TypeScript,10,6,1
"McCabe complexity of 6 for unit useRegionalFlightPlansCore.ts.useRegionalFlightPlans(FlightPlanRegioKind,FlightPlanRegioQueryInput)",LOW,RAW,2026-07-17,1,"useRegionalFlightPlansCore.ts.useRegionalFlightPlans(FlightPlanRegioKind,FlightPlanRegioQueryInput)",src/api-hooks/flightPlans/useRegionalFlightPlansCore.ts#L13:25,TypeScript,10,6,2
McCabe complexity of 7 for unit proxyShared.ts.extractTargetUrlFromRequest(any),LOW,RAW,2026-06-04,44,proxyShared.ts.extractTargetUrlFromRequest(any),backend/src/routes/arcgis/proxyShared.ts#L48:62,TypeScript,9,7,1
"McCabe complexity of 6 for unit herhalenFilter.ts.matchesHerhalen(HerhalenValue,boolean)",LOW,RAW,2026-07-13,5,"herhalenFilter.ts.matchesHerhalen(HerhalenValue,boolean)",src/helpers/points/herhalenFilter.ts#L3:11,TypeScript,9,6,2
McCabe complexity of 7 for unit handleToolsTabClick.ts.handleToolsTabClick(HandleToolsTabClickInput),LOW,RAW,2026-07-18,0,handleToolsTabClick.ts.handleToolsTabClick(HandleToolsTabClickInput),src/Components/HomePage/Head/handleToolsTabClick.ts#L45:55,TypeScript,9,7,1
"McCabe complexity of 6 for unit filterValidAttachments.ts.filterValidAttachments(any,any,any,any)",LOW,RAW,2026-06-06,42,"filterValidAttachments.ts.filterValidAttachments(any,any,any,any)",src/Components/HomePage/Body/Left/Nabewerking/VluchtenZoeken/Steps/Step2/Actions/Waarnemingen/common/Foto/filterValidAttachments.ts#L3:13,TypeScript,9,6,4
McCabe complexity of 7 for unit oidcProfile.ts.resolveOidcRequestProfile(any),LOW,RAW,2026-07-17,1,oidcProfile.ts.resolveOidcRequestProfile(any),backend/src/routes/auth/oidcProfile.ts#L9:23,TypeScript,9,7,1
McCabe complexity of 6 for unit idsFromTimesliderPlans.ts.getPointAndGeometryIdsFromPlans(FinishedFlightPlanType[]),LOW,RAW,2026-06-04,44,idsFromTimesliderPlans.ts.getPointAndGeometryIdsFromPlans(FinishedFlightPlanType[]),src/helpers/timeslider/idsFromTimesliderPlans.ts#L4:12,TypeScript,9,6,1
"McCabe complexity of 6 for unit onSuccess(any,any)",LOW,RAW,2026-07-17,1,"onSuccess(any,any)",src/api-hooks/mutations/useApiMutation.ts#L38:47,TypeScript,9,6,2
McCabe complexity of 6 for unit editPointCoordinateApply.ts.applyCoordinateSystemPatch(any),LOW,RAW,2026-07-18,0,editPointCoordinateApply.ts.applyCoordinateSystemPatch(any),src/Components/HomePage/Body/Left/Nabewerking/VluchtenZoeken/Steps/Step2/Actions/Waarnemingen/EditPointDetails/Actions/EditPointCoordinates/editPointCoordinateApply.ts#L23:40,TypeScript,8,6,1
McCabe complexity of 7 for unit authSecurityLogHelpers.ts.getClientIp(Request),LOW,RAW,2026-07-17,1,authSecurityLogHelpers.ts.getClientIp(Request),backend/src/routes/auth2/authSecurityLogHelpers.ts#L13:19,TypeScript,7,7,1
McCabe complexity of 7 for unit Auth2RateLimiters.getClientIp(Request),LOW,RAW,2026-07-18,0,Auth2RateLimiters.getClientIp(Request),backend/src/routes/auth2/authRateLimitHelpers.ts#L11:17,TypeScript,7,7,1
McCabe complexity of 9 for unit usePlanPointAttachments.ts.usePlanPointAttachments(any),LOW,RAW,2026-07-14,4,usePlanPointAttachments.ts.usePlanPointAttachments(any),src/api-hooks/finishedPlans/usePlanPointAttachments.ts#L6:16,TypeScript,7,9,1
McCabe complexity of 8 for unit TimesliderImageViewer.tsx.TimesliderImageViewer(TimesliderImageViewerProps),LOW,RAW,2026-07-15,3,TimesliderImageViewer.tsx.TimesliderImageViewer(TimesliderImageViewerProps),src/Components/TimesliderItemDetailPage/sections/TimesliderImageViewer.tsx#L31:91,TypeScript,6,8,1
McCabe complexity of 8 for unit flightPlanPointExcel.ts.normalizeJaNee(unknown),LOW,RAW,2026-07-17,1,flightPlanPointExcel.ts.normalizeJaNee(unknown),src/helpers/points/flightPlanPointExcel.ts#L8:13,TypeScript,6,8,1
McCabe complexity of 6 for unit multerErrorMessage.ts.mapMulterError(unknown),LOW,RAW,2026-07-13,5,multerErrorMessage.ts.mapMulterError(unknown),backend/src/helpers/uploads/multerErrorMessage.ts#L12:17,TypeScript,6,6,1
McCabe complexity of 7 for unit TimesliderPageStatusInput.resolvePlansEmptyHint(TimesliderPageStatusInput),LOW,RAW,2026-07-15,3,TimesliderPageStatusInput.resolvePlansEmptyHint(TimesliderPageStatusInput),src/Components/TimesliderItemDetailPage/timesliderPageStatus.ts#L28:32,TypeScript,5,7,1
McCabe complexity of 8 for unit TruthyColumn.DefaultUnit,LOW,RAW,2026-07-17,1,TruthyColumn.DefaultUnit,src/Components/HomePage/Body/Left/Voorbereiding/FlightPlan/helpers/parsePointImportFile.ts#L47:46,TypeScript,-,8,0
