Description,Severity,Status,First Seen,Issue age,File,Technology,Lines of code
Interface module with 71 lines of code,HIGH,RAW,2026-07-21,0,src/hooks/hover-click-handlers/showPlanSearchListHoverCore.ts,TypeScript,71
Interface module with 38 lines of code,HIGH,RAW,2026-07-14,7,src/api-hooks/finishedPlans/usePlanPointAttachments.ts,TypeScript,38
Interface module with 27 lines of code,HIGH,RAW,2026-07-14,7,src/api-hooks/templateFlights/useTemplateFlights.ts,TypeScript,27
Interface module with 22 lines of code,HIGH,RAW,2026-07-14,7,src/api-hooks/points/usePointLookupQueries.ts,TypeScript,22
Interface module with 21 lines of code,HIGH,RAW,2026-06-04,47,src/hooks/useLogAction.ts,TypeScript,21
Interface module with 19 lines of code,HIGH,RAW,2026-07-14,7,src/api-hooks/flightPlans/useFlightPlanLookupQueries.ts,TypeScript,19
Interface module with 17 lines of code,HIGH,RAW,2026-07-04,17,src/hooks/consts/useConstSelectOptions.ts,TypeScript,17
Interface module with 14 lines of code,HIGH,RAW,2026-07-18,3,src/hooks/flightPlan/useFlightPlanStandardSelectProps.ts,TypeScript,14
Interface module with 14 lines of code,HIGH,RAW,2026-06-04,47,src/hooks/useGetFlightTimesDistance.ts,TypeScript,14
Interface module with 13 lines of code,HIGH,RAW,2026-07-04,17,src/api-hooks/consts/useLookupQuery.ts,TypeScript,13
Interface module with 11 lines of code,HIGH,RAW,2026-06-04,47,src/helpers/refreshToken.ts,TypeScript,11
Interface module with 10 lines of code,HIGH,RAW,2026-07-14,7,src/api-hooks/emails/useEmailsList.ts,TypeScript,10
Interface module with 162 lines of code,MEDIUM,RAW,2026-07-18,3,src/Components/HomePage/Body/Left/Common/FlightPlanForm/FlightPlanStandardFields.tsx,TypeScript,162
Interface module with 150 lines of code,MEDIUM,RAW,2026-07-18,3,src/hooks/zustand/tools/useDeletePointState.ts,TypeScript,150
Interface module with 115 lines of code,MEDIUM,RAW,2026-07-18,3,src/helpers/ArcGISHelpers/centerAndZoomMathCore.ts,TypeScript,115
Interface module with 82 lines of code,MEDIUM,RAW,2026-07-18,3,src/helpers/points/flightPlanPointExcelCore.ts,TypeScript,82
Interface module with 78 lines of code,MEDIUM,RAW,2026-07-18,3,src/helpers/ArcGISHelpers/geometryMapGraphicFactoriesCore.ts,TypeScript,78
Interface module with 74 lines of code,MEDIUM,RAW,2026-07-18,3,src/helpers/ArcGISHelpers/pointMapGraphicActionsCore.ts,TypeScript,74
Interface module with 67 lines of code,MEDIUM,RAW,2026-07-18,3,src/helpers/ArcGISHelpers/geometryMapGraphicActionsCore.ts,TypeScript,67
Interface module with 64 lines of code,MEDIUM,RAW,2026-07-18,3,src/hooks/points/sortPointsWithSelectionOrderCore.ts,TypeScript,64
Interface module with 61 lines of code,MEDIUM,RAW,2026-07-18,3,src/helpers/ArcGISHelpers/bufferPointsOnLayerCore.ts,TypeScript,61
Interface module with 60 lines of code,MEDIUM,RAW,2026-07-18,3,src/helpers/tableExports/shapefileExportCore.ts,TypeScript,60
Interface module with 56 lines of code,MEDIUM,RAW,2026-07-18,3,src/helpers/tableExports/csvExportCore.ts,TypeScript,56
Interface module with 55 lines of code,MEDIUM,RAW,2026-07-18,3,src/api-hooks/mutations/useCreateDataCore.ts,TypeScript,55
Interface module with 54 lines of code,MEDIUM,RAW,2026-07-18,3,src/helpers/ArcGISHelpers/planBoundingBoxGeometryCore.ts,TypeScript,54
Interface module with 53 lines of code,MEDIUM,RAW,2026-07-18,3,src/helpers/ArcGISHelpers/createGeometryGraphicInternal.ts,TypeScript,53
Interface module with 52 lines of code,MEDIUM,RAW,2026-07-18,3,src/hooks/flightPlan/submitCollectedFlightPlanCreate.ts,TypeScript,52
Interface module with 51 lines of code,MEDIUM,RAW,2026-07-18,3,src/hooks/filters/useFilteredSortedPlansCore.ts,TypeScript,51
Interface module with 50 lines of code,MEDIUM,RAW,2026-07-18,3,src/hooks/zustand/shared/flightPlanFormSettersCore.ts,TypeScript,50
Interface module with 49 lines of code,MEDIUM,RAW,2026-07-18,3,src/api-hooks/mutations/useUpdateDataCore.ts,TypeScript,49
Interface module with 48 lines of code,MEDIUM,RAW,2026-07-18,3,src/helpers/tableExports/xlsxExportCore.ts,TypeScript,48
Interface module with 47 lines of code,MEDIUM,RAW,2026-07-18,3,src/helpers/ArcGISHelpers/planStarGraphicsCore.ts,TypeScript,47
Interface module with 45 lines of code,MEDIUM,RAW,2026-07-18,3,src/api-hooks/mutations/useDeleteDataCore.ts,TypeScript,45
Interface module with 45 lines of code,MEDIUM,RAW,2026-07-18,3,src/helpers/ArcGISHelpers/bufferFlightPlansOnLayerCore.ts,TypeScript,45
Interface module with 44 lines of code,MEDIUM,RAW,2026-07-18,3,src/hooks/useTimeRangeCore.ts,TypeScript,44
Interface module with 44 lines of code,MEDIUM,RAW,2026-07-18,3,src/helpers/ArcGISHelpers/buildPlanBoundingBoxGraphicCore.ts,TypeScript,44
Interface module with 43 lines of code,MEDIUM,RAW,2026-07-17,4,src/helpers/ArcGISHelpers/pointGraphicCoordinates.ts,TypeScript,43
Interface module with 43 lines of code,MEDIUM,RAW,2026-07-18,3,src/helpers/ArcGISHelpers/pointMapGraphicFactoriesCore.ts,TypeScript,43
Interface module with 41 lines of code,MEDIUM,RAW,2026-07-18,3,src/hooks/layout/useResizableSidebarCore.ts,TypeScript,41
Interface module with 41 lines of code,MEDIUM,RAW,2026-07-18,3,src/helpers/ArcGISHelpers/pointGraphicFactoryCore.ts,TypeScript,41
Interface module with 40 lines of code,MEDIUM,RAW,2026-07-18,3,src/hooks/points/useWizardPointsFilterHeaderCore.tsx,TypeScript,40
Interface module with 40 lines of code,MEDIUM,RAW,2026-07-18,3,src/hooks/hover-click-handlers/useDrawPathCore.ts,TypeScript,40
Interface module with 39 lines of code,MEDIUM,RAW,2026-07-18,3,src/hooks/resultTab/useResultTabStarredPointActionsCore.ts,TypeScript,39
Interface module with 38 lines of code,MEDIUM,RAW,2026-07-18,3,src/hooks/hover-click-handlers/useNearestPointClickCore.ts,TypeScript,38
Interface module with 38 lines of code,MEDIUM,RAW,2026-07-18,3,src/helpers/ArcGISHelpers/finishedPlanCentroidMarkersCore.ts,TypeScript,38
Interface module with 38 lines of code,MEDIUM,RAW,2026-07-18,3,src/hooks/hover-click-handlers/useFeatureLayerPopupCore.ts,TypeScript,38
Interface module with 37 lines of code,MEDIUM,RAW,2026-07-18,3,src/helpers/tableExports/geoJsonExportCore.ts,TypeScript,37
Interface module with 37 lines of code,MEDIUM,RAW,2026-07-18,3,src/hooks/viewPlan/useMapPointSelectionClickCore.ts,TypeScript,37
Interface module with 35 lines of code,MEDIUM,RAW,2026-07-18,3,src/helpers/geo/buildCoordinateSyncPatchCore.ts,TypeScript,35
Interface module with 34 lines of code,MEDIUM,RAW,2026-07-18,3,src/hooks/flightPlan/flightPlanFormLabelsCore.ts,TypeScript,34
Interface module with 34 lines of code,MEDIUM,RAW,2026-07-18,3,src/hooks/resultTab/useResultTabMoreMenuCore.ts,TypeScript,34
Interface module with 32 lines of code,MEDIUM,RAW,2026-07-18,3,src/helpers/ArcGISHelpers/centerAndZoomFromPlanCore.ts,TypeScript,32
Interface module with 32 lines of code,MEDIUM,RAW,2026-07-18,3,src/helpers/ArcGISHelpers/syncBluePointGraphicsCore.ts,TypeScript,32
Interface module with 31 lines of code,MEDIUM,RAW,2026-07-18,3,src/hooks/resultTab/useResultTabTableViewCore.ts,TypeScript,31
Interface module with 31 lines of code,MEDIUM,RAW,2026-07-17,4,src/api-hooks/planImages/pointPlanImagesToAttachments.ts,TypeScript,31
Interface module with 30 lines of code,MEDIUM,RAW,2026-06-04,47,src/hooks/hover-click-handlers/useEditGeometryVerticesOnMap.ts,TypeScript,30
Interface module with 30 lines of code,MEDIUM,RAW,2026-07-18,3,src/hooks/flightPlan/pickFlightPlanPersistenceFields.ts,TypeScript,30
Interface module with 30 lines of code,MEDIUM,RAW,2026-06-04,47,src/hooks/features/useRenderGeometries.ts,TypeScript,30
Interface module with 29 lines of code,MEDIUM,RAW,2026-07-18,3,backend/src/configure/configureBodyParsersAndSwagger.ts,TypeScript,29
Interface module with 29 lines of code,MEDIUM,RAW,2026-07-18,3,src/hooks/flightPlan/assembleFlightPlanCreateAttributes.ts,TypeScript,29
Interface module with 29 lines of code,MEDIUM,RAW,2026-06-04,47,src/hooks/features/useRenderPoints.ts,TypeScript,29
Interface module with 28 lines of code,MEDIUM,RAW,2026-06-04,47,src/hooks/hover-click-handlers/useFeatureLayerLabels.ts,TypeScript,28
Interface module with 28 lines of code,MEDIUM,RAW,2026-06-29,22,src/helpers/points/buildPointUpdatePayload.ts,TypeScript,28
Interface module with 28 lines of code,MEDIUM,RAW,2026-07-13,8,src/helpers/ArcGISHelpers/flightPlanMapActions.ts,TypeScript,28
Interface module with 28 lines of code,MEDIUM,RAW,2026-06-04,47,src/hooks/popUpModal/useHandleClosePopUp.ts,TypeScript,28
Interface module with 28 lines of code,MEDIUM,RAW,2026-07-13,8,src/hooks/points/useHerhalenSelectionHandlers.ts,TypeScript,28
Interface module with 27 lines of code,MEDIUM,RAW,2026-06-04,47,src/helpers/ArcGISHelpers/getTransformedCoordinates.ts,TypeScript,27
Interface module with 26 lines of code,MEDIUM,RAW,2026-06-04,47,src/hooks/features/useHoverPointsAndGeometries.ts,TypeScript,26
Interface module with 26 lines of code,MEDIUM,RAW,2026-07-14,7,src/hooks/features/useResetPointFilters.ts,TypeScript,26
Interface module with 25 lines of code,MEDIUM,RAW,2026-06-04,47,src/helpers/ArcGISHelpers/createMapView.ts,TypeScript,25
Interface module with 25 lines of code,MEDIUM,RAW,2026-06-04,47,src/hooks/filters/useFilterPoints.ts,TypeScript,25
Interface module with 25 lines of code,MEDIUM,RAW,2026-06-04,47,src/helpers/ArcGISHelpers/createYellowBorder.ts,TypeScript,25
Interface module with 24 lines of code,MEDIUM,RAW,2026-07-17,4,src/hooks/flightPlan/buildFlightPlanPayloadFields.ts,TypeScript,24
Interface module with 24 lines of code,MEDIUM,RAW,2026-06-10,41,src/hooks/wizard/useWizardButtons.ts,TypeScript,24
Interface module with 24 lines of code,MEDIUM,RAW,2026-07-18,3,src/hooks/wizard/clearMapSelectionGraphics.ts,TypeScript,24
Interface module with 22 lines of code,MEDIUM,RAW,2026-06-04,47,src/hooks/hover-click-handlers/useDrawYellowMarkers.ts,TypeScript,22
Interface module with 22 lines of code,MEDIUM,RAW,2026-06-04,47,src/helpers/filterPlans.ts,TypeScript,22
Interface module with 22 lines of code,MEDIUM,RAW,2026-06-06,45,src/helpers/ArcGISHelpers/finishedPlanMapGraphics.ts,TypeScript,22
Interface module with 21 lines of code,MEDIUM,RAW,2026-06-10,41,src/hooks/hover-click-handlers/useGeometryClick.ts,TypeScript,21
Interface module with 21 lines of code,MEDIUM,RAW,2026-06-04,47,src/hooks/filters/useFilterPlans.ts,TypeScript,21
Interface module with 20 lines of code,MEDIUM,RAW,2026-06-04,47,src/hooks/hover-click-handlers/useDrawYellowGeometries.ts,TypeScript,20
Interface module with 20 lines of code,MEDIUM,RAW,2026-06-04,47,src/hooks/handleCancel/useCancelCreateFlightPlan.ts,TypeScript,20
Interface module with 19 lines of code,MEDIUM,RAW,2026-06-04,47,src/hooks/filters/useFilterGeometries.ts,TypeScript,19
Interface module with 19 lines of code,MEDIUM,RAW,2026-06-04,47,src/helpers/ArcGISHelpers/createPoint.ts,TypeScript,19
Interface module with 19 lines of code,MEDIUM,RAW,2026-07-17,4,src/helpers/points/herhalenSelection.ts,TypeScript,19
Interface module with 19 lines of code,MEDIUM,RAW,2026-06-04,47,src/helpers/ArcGISHelpers/createPin.ts,TypeScript,19
Interface module with 18 lines of code,MEDIUM,RAW,2026-07-14,7,src/helpers/points/sortPointsByImageCount.ts,TypeScript,18
Interface module with 18 lines of code,MEDIUM,RAW,2026-07-17,4,src/hooks/zustand/shared/planContentSelectionSetters.ts,TypeScript,18
Interface module with 18 lines of code,MEDIUM,RAW,2026-07-18,3,src/helpers/ArcGISHelpers/createYellowWgs84PointGraphic.ts,TypeScript,18
Interface module with 17 lines of code,MEDIUM,RAW,2026-06-29,22,src/hooks/flightPlan/usePopulateFlightPlanFormEffect.ts,TypeScript,17
Interface module with 17 lines of code,MEDIUM,RAW,2026-07-18,3,src/helpers/geo/applyCoordinateSyncPatchToSetters.ts,TypeScript,17
Interface module with 17 lines of code,MEDIUM,RAW,2026-06-04,47,src/hooks/features/useFetchInitialFeatures.ts,TypeScript,17
Interface module with 17 lines of code,MEDIUM,RAW,2026-07-17,4,src/helpers/points/starredPointSelection.ts,TypeScript,17
Interface module with 16 lines of code,MEDIUM,RAW,2026-07-17,4,src/helpers/ArcGISHelpers/pointHoverGraphics.ts,TypeScript,16
Interface module with 16 lines of code,MEDIUM,RAW,2026-07-17,4,src/api-hooks/planImages/usePointPlanImages.ts,TypeScript,16
Interface module with 16 lines of code,MEDIUM,RAW,2026-07-04,17,src/hooks/map/mapClickGuard.ts,TypeScript,16
Interface module with 16 lines of code,MEDIUM,RAW,2026-06-06,45,src/hooks/hover-click-handlers/useFinishedPlanMapHighlight.ts,TypeScript,16
Interface module with 16 lines of code,MEDIUM,RAW,2026-07-17,4,src/api-hooks/planImages/useGeometryPlanImages.ts,TypeScript,16
Interface module with 16 lines of code,MEDIUM,RAW,2026-06-04,47,src/helpers/ArcGISHelpers/createNewPointEvent.ts,TypeScript,16
Interface module with 15 lines of code,MEDIUM,RAW,2026-07-17,4,src/helpers/ArcGISHelpers/selectedGeometryGraphics.ts,TypeScript,15
Interface module with 15 lines of code,MEDIUM,RAW,2026-07-14,7,src/api-hooks/finishedPlans/useFinishedPlanQueries.ts,TypeScript,15
Interface module with 15 lines of code,MEDIUM,RAW,2026-06-10,41,src/hooks/hover-click-handlers/useGeometryListMapActions.ts,TypeScript,15
Interface module with 15 lines of code,MEDIUM,RAW,2026-06-04,47,src/hooks/handleCancel/useHandleClearFinishedPlan.ts,TypeScript,15
Interface module with 15 lines of code,MEDIUM,RAW,2026-06-10,41,src/hooks/hover-click-handlers/usePointListMapActions.ts,TypeScript,15
Interface module with 14 lines of code,MEDIUM,RAW,2026-06-04,47,src/helpers/arcgis/deleteArcgisAttachment.ts,TypeScript,14
Interface module with 14 lines of code,MEDIUM,RAW,2026-06-04,47,src/hooks/useResetTabs.ts,TypeScript,14
Interface module with 14 lines of code,MEDIUM,RAW,2026-07-18,3,src/hooks/zustand/pickEnrichedCoordinateControls.ts,TypeScript,14
Interface module with 13 lines of code,MEDIUM,RAW,2026-07-17,4,src/helpers/arcgis/attachmentDisplayUrl.ts,TypeScript,13
Interface module with 13 lines of code,MEDIUM,RAW,2026-06-04,47,src/helpers/getDistanceMeters.ts,TypeScript,13
Interface module with 13 lines of code,MEDIUM,RAW,2026-06-04,47,src/hooks/useMapInitialization.ts,TypeScript,13
Interface module with 13 lines of code,MEDIUM,RAW,2026-06-10,41,src/hooks/editPoint/useCoordinateSystemSync.ts,TypeScript,13
Interface module with 13 lines of code,MEDIUM,RAW,2026-06-04,47,src/hooks/useRenderVluchtPlans.ts,TypeScript,13
Interface module with 13 lines of code,MEDIUM,RAW,2026-07-17,4,src/lib/useDebouncedValue.ts,TypeScript,13
Interface module with 12 lines of code,MEDIUM,RAW,2026-06-10,41,src/hooks/viewPlan/useSortedPointSelection.ts,TypeScript,12
Interface module with 12 lines of code,MEDIUM,RAW,2026-06-04,47,src/hooks/features/useRenderLocalGeometries.ts,TypeScript,12
Interface module with 12 lines of code,MEDIUM,RAW,2026-07-14,7,src/helpers/geometry/matchesGeometryRepeat.ts,TypeScript,12
Interface module with 12 lines of code,MEDIUM,RAW,2026-07-17,4,src/hooks/zustand/shared/flightPlanFormValues.ts,TypeScript,12
Interface module with 12 lines of code,MEDIUM,RAW,2026-06-04,47,src/hooks/handleCancel/useHandleCancel.ts,TypeScript,12
Interface module with 11 lines of code,MEDIUM,RAW,2026-07-14,7,src/api-hooks/flightPlans/useRegionalFlightPlanQueries.ts,TypeScript,11
Interface module with 11 lines of code,MEDIUM,RAW,2026-06-04,47,src/helpers/getBackEndUrl.ts,TypeScript,11
Interface module with 11 lines of code,MEDIUM,RAW,2026-06-04,47,src/helpers/ArcGISHelpers/replaceGraphics.ts,TypeScript,11
Interface module with 11 lines of code,MEDIUM,RAW,2026-06-04,47,src/helpers/base64ToBlob.ts,TypeScript,11
Interface module with 11 lines of code,MEDIUM,RAW,2026-07-15,6,src/hooks/filters/filterPlanPoints.ts,TypeScript,11
Interface module with 11 lines of code,MEDIUM,RAW,2026-06-04,47,src/hooks/features/useResetFeatures.ts,TypeScript,11
Interface module with 11 lines of code,MEDIUM,RAW,2026-06-04,47,src/lib/invalidateAfterMutation.ts,TypeScript,11
Interface module with 10 lines of code,MEDIUM,RAW,2026-06-04,47,src/helpers/getLoginUrlWithReturn.ts,TypeScript,10
Interface module with 10 lines of code,MEDIUM,RAW,2026-06-04,47,src/hooks/hover-click-handlers/usePointHover.ts,TypeScript,10
Interface module with 10 lines of code,MEDIUM,RAW,2026-07-13,8,src/hooks/hover-click-handlers/useGeometryListHover.ts,TypeScript,10
Interface module with 9 lines of code,MEDIUM,RAW,2026-07-18,3,src/helpers/geo/transformWgs84ToRd.ts,TypeScript,9
Interface module with 9 lines of code,MEDIUM,RAW,2026-06-04,47,src/hooks/hover-click-handlers/usePointClick.ts,TypeScript,9
Interface module with 8 lines of code,MEDIUM,RAW,2026-06-04,47,src/hooks/popUpModal/usePopupController.ts,TypeScript,8
Interface module with 8 lines of code,MEDIUM,RAW,2026-06-04,47,src/api/fetchApi.ts,TypeScript,8
Interface module with 7 lines of code,MEDIUM,RAW,2026-06-04,47,src/helpers/ArcGISHelpers/validateMapView.ts,TypeScript,7
Interface module with 7 lines of code,MEDIUM,RAW,2026-06-10,41,src/hooks/wizard/useWizardCleanup.ts,TypeScript,7
Interface module with 7 lines of code,MEDIUM,RAW,2026-07-13,8,src/hooks/flightPlan/useFlightPlanFormSelectOptions.ts,TypeScript,7
Interface module with 6 lines of code,MEDIUM,RAW,2026-07-13,8,src/hooks/hover-click-handlers/useGeometryEditHighlight.ts,TypeScript,6
Interface module with 6 lines of code,MEDIUM,RAW,2026-06-04,47,src/hooks/hover-click-handlers/usePlanClick.ts,TypeScript,6
Interface module with 6 lines of code,MEDIUM,RAW,2026-06-04,47,src/hooks/hover-click-handlers/usePlanHover.ts,TypeScript,6
Interface module with 5 lines of code,MEDIUM,RAW,2026-06-04,47,src/hooks/useContent.ts,TypeScript,5
Interface module with 4 lines of code,MEDIUM,RAW,2026-07-13,8,src/hooks/bottom/useBottomCompactListView.ts,TypeScript,4
Interface module with 4 lines of code,MEDIUM,RAW,2026-06-04,47,src/helpers/haversine.ts,TypeScript,4
Interface module with 4 lines of code,MEDIUM,RAW,2026-06-04,47,src/helpers/isValidEmail.ts,TypeScript,4
Interface module with 3 lines of code,MEDIUM,RAW,2026-06-04,47,src/helpers/classNames.ts,TypeScript,3
