Source,Target,Type,Description,Status,Count,Count (Before),Undesirable
backend/scripts/runAdditionalFlightPlanRegioChecks.ts,flightplans,Data access,Embedded SQL query,new,1,,
backend/src/helpers/entities/entityDeleteHelpers.ts,flightplans,Data access,Embedded SQL query,new,2,,
backend/src/helpers/entities/entityDeleteHelpers.ts,geometries,Data access,Embedded SQL query,new,1,,
backend/src/helpers/entities/entityDeleteHelpers.ts,points,Data access,Embedded SQL query,new,1,,
backend/src/helpers/finished-plans/createFinishedPlanDb.ts,attachments,Data access,Embedded SQL query,new,1,,
backend/src/helpers/finished-plans/createFinishedPlanDb.ts,finished_plans,Data access,Embedded SQL query,new,2,,
backend/src/helpers/finished-plans/createFinishedPlanDb.ts,finished_plans_path,Data access,Embedded SQL query,new,1,,
backend/src/helpers/finished-plans/createFinishedPlanDb.ts,flightplans,Data access,Embedded SQL query,new,2,,
backend/src/helpers/finished-plans/createFinishedPlanDb.ts,points,Data access,Embedded SQL query,new,2,,
backend/src/helpers/points/createPointFromImportDb.ts,points,Data access,Embedded SQL query,new,2,,
backend/src/helpers/queries/finished-plans/fetchAttachmentsForPlanPoint.ts,attachments,Data access,Embedded SQL query,new,1,,
backend/src/helpers/queries/finished-plans/fetchAttachmentsForPlanPoint.ts,finished_plans,Data access,Embedded SQL query,new,1,,
backend/src/helpers/queries/finished-plans/singleFinishedPlanCtes.ts,finished_plans,Data access,Embedded SQL query,new,1,,
backend/src/helpers/queries/finished-plans/updateFinishedPointAttachmentsTx.ts,attachments,Data access,Embedded SQL query,new,1,,
backend/src/helpers/queries/finished-plans/updateFinishedPointAttachmentsTx.ts,finished_plans,Data access,Embedded SQL query,new,2,,
backend/src/helpers/queries/flight-plans/deleteFinishedFlightPlan.ts,attachments,Data access,Embedded SQL query,new,1,,
backend/src/helpers/queries/flight-plans/deleteFinishedFlightPlan.ts,finished_plans,Data access,Embedded SQL query,new,2,,
backend/src/helpers/queries/flight-plans/deleteFinishedFlightPlan.ts,finished_plans_path,Data access,Embedded SQL query,new,1,,
backend/src/helpers/queries/flight-plans/deleteFinishedFlightPlan.ts,flightplans,Data access,Embedded SQL query,new,1,,
backend/src/helpers/queries/flight-plans/flightPlanFieldSql.ts,flightplans,Data access,Embedded SQL query,new,2,,
backend/src/helpers/queries/geometries/createGeometryInsert.ts,geometries,Data access,Embedded SQL query,new,1,,
backend/src/helpers/queries/geometries/geometryRouteHelpers.ts,geometries,Data access,Embedded SQL query,new,1,,
backend/src/helpers/queries/geometries/updateGeometryPoints.ts,points,Data access,Embedded SQL query,new,2,,
backend/src/helpers/queries/geometries/updateGeometryTransaction.ts,geometries,Data access,Embedded SQL query,new,1,,
backend/src/helpers/queries/geometries/updateGeometryTransactionHelpers.ts,points,Data access,Embedded SQL query,new,1,,
backend/src/helpers/queries/points/pointSqlBuilders.ts,points,Data access,Embedded SQL query,new,2,,
backend/src/helpers/queries/templates/templatePlanHelpers.ts,template_plans,Data access,Embedded SQL query,new,1,,
backend/src/helpers/queries/timeslider/timesliderPlanImagesQuery.ts,flightplans,Data access,Embedded SQL query,new,1,,
backend/src/helpers/queries/timeslider/timesliderPlanImagesQuery.ts,points,Data access,Embedded SQL query,new,1,,
backend/src/routes/auth/loginUserHelpers.ts,users,Data access,Embedded SQL query,new,1,,
backend/src/routes/devices-updates/applyAgentReportSql.ts,getac_devices,Data access,Embedded SQL query,new,1,,
backend/src/routes/devices-updates/db.ts,getac_devices,Data access,Embedded SQL query,recurring,7,13,
backend/src/routes/devices-updates/staleCommandSql.ts,getac_devices,Data access,Embedded SQL query,new,2,,
backend/src/routes/devices-updates/upsertRegisteredDevice.ts,getac_devices,Data access,Embedded SQL query,new,3,,
backend/src/routes/emails/createEmail.ts,emails,Data access,Embedded SQL query,recurring,1,1,
backend/src/routes/emails/deleteSingleEmail.ts,emails,Data access,Embedded SQL query,recurring,1,1,
backend/src/routes/emails/updateSingleEmail.ts,emails,Data access,Embedded SQL query,recurring,1,1,
backend/src/routes/finished_plans/createAttachmentHelpers.ts,attachments,Data access,Embedded SQL query,new,1,,
backend/src/routes/finished_plans/deletePoint.ts,attachments,Data access,Embedded SQL query,recurring,1,1,
backend/src/routes/finished_plans/deletePoint.ts,finished_plans,Data access,Embedded SQL query,recurring,1,1,
backend/src/routes/finished_plans/deletePoint.ts,flightplans,Data access,Embedded SQL query,recurring,1,1,
backend/src/routes/finished_plans/getPlanPath.ts,finished_plans_path,Data access,Embedded SQL query,recurring,1,1,
backend/src/routes/flightPlans/deleteFlightPlanHelpers.ts,flightplans,Data access,Embedded SQL query,new,2,,
backend/src/routes/flightPlans/getFlighPlansNummer.ts,flightplans,Data access,Embedded SQL query,recurring,1,1,
backend/src/routes/flightPlans/getPreparedFlightPlans.ts,flightplans,Data access,Embedded SQL query,recurring,1,1,
backend/src/routes/flightPlans/updateFlightPlanStatus.ts,flightplans,Data access,Embedded SQL query,recurring,1,1,
backend/src/routes/flightPlans/updateVluchtPlanPoints.ts,flightplans,Data access,Embedded SQL query,recurring,1,1,
backend/src/routes/geometries/deleteGeometryCascade.ts,attachments,Data access,Embedded SQL query,new,1,,
backend/src/routes/geometries/deleteGeometryCascade.ts,finished_plans,Data access,Embedded SQL query,new,1,,
backend/src/routes/geometries/deleteGeometryCascade.ts,geometries,Data access,Embedded SQL query,new,1,,
backend/src/routes/geometries/deleteGeometryCascade.ts,points,Data access,Embedded SQL query,new,2,,
backend/src/routes/geometries/getSingleGeometryHelpers.ts,geometries,Data access,Embedded SQL query,new,1,,
backend/src/routes/geometries/getSingleGeometryHelpers.ts,points,Data access,Embedded SQL query,new,1,,
backend/src/routes/points/deletePointHelpers.ts,attachments,Data access,Embedded SQL query,new,1,,
backend/src/routes/points/deletePointHelpers.ts,finished_plans,Data access,Embedded SQL query,new,1,,
backend/src/routes/points/deletePointHelpers.ts,points,Data access,Embedded SQL query,new,1,,
backend/src/routes/points/editPointStatus.ts,points,Data access,Embedded SQL query,recurring,1,1,
backend/src/routes/points/getPointsDescription.ts,points,Data access,Embedded SQL query,recurring,1,1,
backend/src/routes/template_plans/createTemplateFlightPlanHelpers.ts,template_plans,Data access,Embedded SQL query,new,1,,
backend/src/routes/users/createUser.ts,users,Data access,Embedded SQL query,recurring,1,1,
backend/src/routes/users/getUsers.ts,users,Data access,Embedded SQL query,recurring,1,1,
backend/src/routes/users/updateUserHelpers.ts,users,Data access,Embedded SQL query,new,1,,
backend/scripts/verify-regio-apis.ts,flightplans,Data access,Embedded SQL query,removed,0,1,
backend/src/helpers/entityDeleteHelpers.ts,flightplans,Data access,Embedded SQL query,removed,0,2,
backend/src/helpers/queries/buildFinishedPlanQuery.ts,finished_plans,Data access,Embedded SQL query,removed,0,1,
backend/src/helpers/queries/flightPlanFields.ts,flightplans,Data access,Embedded SQL query,removed,0,2,
backend/src/helpers/queries/geometryRouteHelpers.ts,geometries,Data access,Embedded SQL query,removed,0,1,
backend/src/helpers/queries/logFields.ts,logging,Data access,Embedded SQL query,removed,0,1,
backend/src/helpers/queries/pointFields.ts,points,Data access,Embedded SQL query,removed,0,2,
backend/src/helpers/queries/templatePlanHelpers.ts,template_plans,Data access,Embedded SQL query,removed,0,1,
backend/src/helpers/queries/timesliderPlanImages.ts,flightplans,Data access,Embedded SQL query,removed,0,1,
backend/src/helpers/queries/timesliderPlanImages.ts,points,Data access,Embedded SQL query,removed,0,1,
backend/src/routes/auth/loginUser.ts,users,Data access,Embedded SQL query,removed,0,1,
backend/src/routes/finished_plans/createAttachment.ts,attachments,Data access,Embedded SQL query,removed,0,1,
backend/src/routes/finished_plans/createFinishedPlan.ts,attachments,Data access,Embedded SQL query,removed,0,1,
backend/src/routes/finished_plans/createFinishedPlan.ts,finished_plans,Data access,Embedded SQL query,removed,0,2,
backend/src/routes/finished_plans/createFinishedPlan.ts,finished_plans_path,Data access,Embedded SQL query,removed,0,1,
backend/src/routes/finished_plans/createFinishedPlan.ts,flightplans,Data access,Embedded SQL query,removed,0,2,
backend/src/routes/finished_plans/createFinishedPlan.ts,points,Data access,Embedded SQL query,removed,0,2,
backend/src/routes/finished_plans/getAttachmentsPlanSinglePoint.ts,attachments,Data access,Embedded SQL query,removed,0,1,
backend/src/routes/finished_plans/getAttachmentsPlanSinglePoint.ts,finished_plans,Data access,Embedded SQL query,removed,0,1,
backend/src/routes/finished_plans/updateFinishedPointAttachments.ts,attachments,Data access,Embedded SQL query,removed,0,1,
backend/src/routes/finished_plans/updateFinishedPointAttachments.ts,finished_plans,Data access,Embedded SQL query,removed,0,2,
backend/src/routes/flightPlans/deleteFlightPlan.ts,attachments,Data access,Embedded SQL query,removed,0,1,
backend/src/routes/flightPlans/deleteFlightPlan.ts,finished_plans,Data access,Embedded SQL query,removed,0,2,
backend/src/routes/flightPlans/deleteFlightPlan.ts,finished_plans_path,Data access,Embedded SQL query,removed,0,1,
backend/src/routes/flightPlans/deleteFlightPlan.ts,flightplans,Data access,Embedded SQL query,removed,0,3,
backend/src/routes/geometries/createGeometry.ts,geometries,Data access,Embedded SQL query,removed,0,1,
backend/src/routes/geometries/deleteGeometry.ts,attachments,Data access,Embedded SQL query,removed,0,1,
backend/src/routes/geometries/deleteGeometry.ts,finished_plans,Data access,Embedded SQL query,removed,0,1,
backend/src/routes/geometries/deleteGeometry.ts,geometries,Data access,Embedded SQL query,removed,0,1,
backend/src/routes/geometries/deleteGeometry.ts,points,Data access,Embedded SQL query,removed,0,2,
backend/src/routes/geometries/getSingleGeometry.ts,geometries,Data access,Embedded SQL query,removed,0,1,
backend/src/routes/geometries/getSingleGeometry.ts,points,Data access,Embedded SQL query,removed,0,1,
backend/src/routes/geometries/updateGeometry.ts,geometries,Data access,Embedded SQL query,removed,0,1,
backend/src/routes/geometries/updateGeometry.ts,points,Data access,Embedded SQL query,removed,0,3,
backend/src/routes/points/createPointFromImport.ts,points,Data access,Embedded SQL query,removed,0,2,
backend/src/routes/points/deletePoint.ts,attachments,Data access,Embedded SQL query,removed,0,1,
backend/src/routes/points/deletePoint.ts,finished_plans,Data access,Embedded SQL query,removed,0,1,
backend/src/routes/points/deletePoint.ts,points,Data access,Embedded SQL query,removed,0,1,
backend/src/routes/template_plans/createTemplateFlightPlan.ts,template_plans,Data access,Embedded SQL query,removed,0,1,
backend/src/routes/users/updateUser.ts,users,Data access,Embedded SQL query,removed,0,1,
